2018-07-06,74840.47769893892,75683.69013980166,74332.78568516897,74589.3359375
2018-07-09,74989.33918622098,75386.73510860208,74589.16530238064,74994.40625
2018-07-10,75040.10997787326,75912.52196248283,74731.25957618482,75430.3515625
2018-07-11,75486.05566490346,76031.34309332492,75014.31437500911,75638.8125
2018-07-12,75982.68613362641,77649.68822506849,75888.3285495389,77086.375
2018-07-13,77086.37246806247,77471.54694216582,76042.27789961686,76538.6484375
2018-07-16,76538.9123585737,76538.9123585737,73617.30308394686,73829.359375
2018-07-17,74095.4905476347,74862.96071115628,73824.38319640761,74104.4296875
2018-07-18,74739.16402078007,74979.52758782542,73167.86169406209,73352.953125
2018-07-19,73901.70293549879,74413.36777987836,73438.95504738136,73971.671875
2018-07-20,73723.35479299456,77158.17212164695,73598.90522715941,76293.015625
2018-07-23,76478.31384449426,77472.5448365635,75200.01685469097,77256.515625
2018-07-24,77321.58195783955,77737.95037818007,76536.47397704983,77102.96875
2018-07-25,76593.52132114374,78366.45052503716,76593.52132114374,77679.875
2018-07-26,77969.1663302382,78365.46820750908,77781.39783035174,78112.9375
2018-07-27,78464.7830640519,80465.70691776193,78068.52778986044,80313.6484375
2018-07-30,80450.27175491014,80641.92008378504,78665.4235075019,79390.8828125
2018-07-31,80194.02628758502,80194.02628758502,78741.76507587798,78952.828125
2018-08-01,79500.09359515959,79907.39590575387,78717.88431540926,79094.4296875
2018-08-02,79149.3111841637,79149.3111841637,77582.83512089332,77948.796875
2018-08-03,78197.41397118582,78721.60825578704,77955.62817245563,78052.3984375
2018-08-06,78060.23170142408,78508.64321230768,76086.96929847288,76476.1484375
2018-08-07,76463.92824014995,77163.47328961141,76285.89698163034,76782.3984375
2018-08-08,76682.47267404653,77169.92172120833,75898.09253976562,76235.2578125
2018-08-09,76659.84772856967,77031.03102234507,75002.91099146995,75583.8046875
2018-08-10,75588.66825805997,75886.74931189588,73698.95155160848,73832.1796875
2018-08-13,74086.73249745744,74086.73249745744,72754.08606894722,72857.4765625
2018-08-14,73106.13907964215,73897.87763360396,73002.74856401791,73420.2734375
2018-08-16,73450.31452474202,73798.31926795245,72704.37361893895,72768.7265625
2018-08-17,72803.83168469547,73500.04318987697,72745.15100068731,73348.6171875
2018-08-20,73598.5194107376,74683.31967988536,73102.21998525945,74357.2890625
2018-08-21,74704.49223248313,74842.73995146324,73854.81889219114,74095.7578125
2018-08-23,74096.78842433974,74395.16475356527,73698.95331870571,74169.890625
2018-08-24,74096.7984694752,74646.45591776926,73400.5869402318,73674.9921875
2018-08-27,73897.86918120839,74096.78672947544,73599.49285880782,73770.4609375
2018-08-28,74244.98573114166,74244.98573114166,72806.66411789432,72920.09375
2018-08-29,73241.44561272295,73241.44561272295,72803.82698059913,72889.7578125
2018-08-30,73354.72893307958,73752.6184518938,72605.90531877594,72822.5234375
2018-08-31,72853.54776736113,73897.86483433354,72604.90084665341,73626.09375
2018-09-03,73377.70841468357,73768.53482165172,72604.91364885941,72643.6015625
2018-09-04,72903.29455473613,73201.67093081282,70466.55415010989,70644.484375
2018-09-05,70913.11847971825,70913.11847971825,69622.14346202272,69971.5390625
2018-09-06,70416.7439880232,70600.14449920744,69720.63325652883,70447.2265625
2018-09-07,70497.3826474055,71610.32647131383,70249.77688966517,70866.328125
2018-09-10,71114.0238386709,71162.80526323787,70068.7120380745,70124.90625
2018-09-11,70124.90205948109,70715.14327507849,69223.3082529963,69391.9375
2018-09-12,69481.90259389771,69580.32016321651,67831.98247297667,68769.1328125
2018-09-14,69123.86409261428,70330.19829048327,69123.86409261428,69864.1328125
2018-09-17,69820.0674553248,69820.0674553248,69273.14514763493,69404.625
2018-09-18,69404.64049038607,69739.52140415815,68130.13026064304,68359.3828125
2018-09-19,68721.04989871806,68875.1643995515,67025.27755517201,67416.546875
2018-09-21,67825.91467179537,68129.26394923357,62161.737179957636,66383.1640625
2018-09-24,66637.38447257156,66637.43109387599,64101.18551130204,64218.546875
2018-09-25,64326.957500799,66736.84382861934,62783.357178563274,65424.6328125
2018-09-26,66625.4470937735,66625.4470937735,65443.87679540061,65959.6171875
2018-09-27,66652.30769752609,67830.89435158217,63603.94630969624,63855.37890625
2018-09-28,64150.91416010425,65381.61557011835,61962.820963945655,63254.34375
2018-10-01,63753.075986053795,63753.075986053795,61813.62983671206,62684.5390625
2018-10-03,62735.61962956985,63309.49683562375,62216.49526326436,62797.0859375
2018-10-04,62360.60652234525,62360.60652234525,61067.69284793901,61270.390625
2018-10-05,61067.69356413134,61067.69356413134,60173.55909321678,60691.9375
2018-10-08,60382.42932635434,61416.80079938902,59278.436696480785,60790.109375
2018-10-09,61563.992956661605,62360.65781971733,60331.69861792748,61661.76171875
2018-10-10,61188.040634899626,63952.00033848679,61188.040634899626,63633.3359375
2018-10-11,62649.09045945667,63921.81328398817,61375.07389366147,63084.22265625
2018-10-12,63275.68550958827,64608.38285891935,63275.68550958827,63632.09765625
2018-10-15,63280.84924126756,64230.334850498686,61664.44586632242,62261.796875
2018-10-16,62650.93487855469,63633.73538167584,62521.9337167162,62870.8359375
2018-10-17,63404.974479927565,63915.94398014816,61564.986985215946,61765.74609375
2018-10-19,61629.64043288575,62350.716674535746,60570.40429859989,61632.4765625
2018-10-22,62410.33855908975,62410.33855908975,61663.45357246625,61870.27734375
2018-10-23,61266.61840889337,61840.495662496156,60969.23660849955,61389.59765625
2018-10-24,62102.06368534482,62360.65651939655,61470.64805169467,62012.55078125
2018-10-25,61664.44820737421,62141.85038704421,60470.94275819923,61030.3984375
2018-10-26,60968.23881047484,63078.25705902985,60337.670076284936,62714.8828125
2018-10-29,62857.95519866734,64001.73128218739,62186.608367036,63586.2421875
2018-10-30,63059.06083420648,64548.75538338915,63059.06083420648,63961.1015625
2018-10-31,63993.776950414765,64548.757018462566,63339.338088810015,64149.48046875
2018-11-01,64149.47800324678,64996.31909141838,64148.98070929811,64391.66015625
2018-11-02,64697.93901363904,66315.68275724511,64660.540956799035,66120.9921875
2018-11-05,66339.02051871078,66438.47932008815,65553.2959878295,65795.7734375
2018-11-06,65841.7229183211,66246.91649897415,64548.75857098247,64808.046875
2018-11-07,65314.58381383251,65576.30805133173,64824.252006002156,65210.10546875
2018-11-09,64698.05531736216,66142.09618998576,64164.008142190534,65986.046875
2018-11-12,65985.93345311521,66622.51632297164,64708.3853105193,64850.26171875
2018-11-13,64850.256397622,65831.76692875629,64451.3295593999,65465.90625
2018-11-14,65742.25530823914,66378.79151697247,64886.90977775373,65191.20703125
2018-11-15,65641.8176047606,65974.01001797883,64847.14174200201,65428.828125
2018-11-16,65543.35173063246,66438.48096519345,65233.49093535622,65399.08984375
2018-11-19,65417.013538615814,66043.63233942664,65149.45725699976,65835.0546875
2018-11-20,65844.71411515384,65974.01642383917,65360.529809012965,65670.109375
2018-11-21,65895.4548061398,67205.38694270658,65755.21150222489,66962.8984375
2018-11-22,67038.27713012641,67804.0980644136,66841.33975814177,67244.5625
2018-11-26,67635.06662512143,68341.25629135432,67244.62641859043,67832.75
2018-11-27,67501.98493601584,68311.41439969231,67038.33041113587,68207.2265625
2018-11-28,68133.37555193354,68967.87288902455,67993.8782318775,68423.0625
2018-11-29,68631.67827484552,68778.88398460287,67645.99679937564,67923.3984375
2018-11-30,68032.91704289214,68309.96903762067,66790.51904611276,66970.6953125
2018-12-03,67137.75429221062,67584.34468742843,66250.54130215652,66334.9375
2018-12-04,66441.51489518552,66777.40572168012,65578.12643148744,65773.8671875
2018-12-05,65645.79807073709,65841.39115587423,64786.43489599289,64933.640625
2018-12-06,64948.54707095488,64961.52781002176,64099.18090868303,64417.21484375
2018-12-07,64918.71565670242,65347.40257465794,64515.9397111933,65222.92578125
2018-12-10,63756.036985414976,64547.16665818935,63756.036985414976,64019.16796875
2018-12-11,63324.32992364325,66143.12097386793,63324.32992364325,65816.5859375
2018-12-12,65916.33369170623,68122.43020498792,65866.60203000014,67780.8203125
2018-12-13,67913.54786276941,68529.22574980887,66742.56942590648,67101.4765625
2018-12-14,66937.82675706634,67137.74805126344,65695.52975979185,65979.046875
2018-12-17,66058.56737667372,66839.35447884475,65866.60315919727,66018.9296875
2018-12-18,66120.24968119325,67634.03521044506,65745.31948363461,67198.9296875
2018-12-19,67635.06662835185,69127.01662750667,67385.80996104513,68954.8984375
2018-12-20,68381.02255259515,69524.8505662022,68381.02255259515,68679.1171875
2018-12-21,68679.12977579568,69187.682641961,66342.03694913528,66644.2578125
2018-12-24,66644.36062458326,66985.56645770755,65543.34822432409,65762.8125
2018-12-26,65844.71983302609,67140.72693185438,64755.8451043674,66958.359375
2018-12-27,67037.19162992922,67335.68265011124,66168.97773942452,66328.46875
2018-12-28,66917.93538778169,67112.88351923438,66620.54002398398,66677.1875
2018-12-31,67187.46610991642,67187.46610991642,66453.82317900466,66625.203125
2019-01-01,66937.81274710388,66937.81274710388,66143.45057886746,66442.6875
2019-01-02,66143.10221278448,66739.88208237352,65795.67997360055,66277.875
2019-01-03,66391.76472300795,67038.27628959903,66102.03118608588,66459.6484375
2019-01-04,66640.12958556895,66988.44547230832,65845.7595583611,66245.703125
2019-01-07,66739.87942034611,66984.45813969636,66308.35630607519,66619.078125
2019-01-08,66342.03377182879,66616.55253226394,65870.57763977711,66083.328125
2019-01-09,66144.10286123752,66639.43019804293,65467.20834082589,65715.765625
2019-01-10,65893.45544637952,66734.8685175491,65555.28015540504,66342.734375
2019-01-11,66539.84646103972,66640.40540300804,65944.16236148408,66577.9921875
2019-01-14,66242.56594608977,66637.38867222068,65601.92119789329,66295.328125
2019-01-15,66292.29566093007,66630.4242891875,65722.37089853379,65840.3359375
2019-01-16,65864.62370102834,66128.90090344923,65546.34101325533,65637.0546875
2019-01-17,65935.23148890185,65935.23148890185,65247.93992656562,65449.6484375
2019-01-18,65650.77205124749,65743.47498456828,65297.677223913306,65386.9921875
2019-01-21,65386.987266435244,65943.14265992113,65149.47195657539,65771.21875
2019-01-22,65546.32874305254,65811.7481700817,64750.62217257542,64909.3671875
2019-01-23,65027.123312359545,65934.18208311526,64949.541929962346,65717.4453125
2019-01-24,65645.79096224737,65833.17830233432,64153.84116765083,64554.4296875
2019-01-25,64949.54414213894,65181.59283111586,63358.13111568531,63577.89453125
2019-01-28,63532.1963052065,63532.1963052065,62114.843980589365,62224.203125
2019-01-29,62492.80276048244,62492.80276048244,61169.94062978943,61536.11328125
2019-01-30,62049.20354698368,62049.20354698368,60821.82605953533,61000.26171875
2019-01-31,61169.94681656223,61436.1122368249,60215.24650713265,60960.27734375
2019-02-01,61159.19793455484,62363.399552066934,60684.660774152064,60946.84375
2019-02-04,61611.56159870611,61611.56159870611,59479.06792591091,59585.046875
2019-02-05,59975.3910828397,60075.849042331014,59180.679106269796,59682.2734375
2019-02-06,59976.38635508084,59976.38635508084,59230.41140041565,59614.33984375
2019-02-07,59712.80496427764,60473.69937250072,58643.62476862974,59091.70703125
2019-02-08,58871.30034335919,58871.30034335919,55997.855226008345,56148.39453125
2019-02-11,56147.04161506737,56594.626534939474,54431.2994222243,55048.5703125
2019-02-12,55450.800216244716,55876.50322059544,54605.36200666969,55058.31640625
2019-02-14,55301.60451797405,56296.23769275776,55018.134063160694,56000.03515625
2019-02-15,56002.820309040704,56108.556225190296,54707.738925744,54843.86328125
2019-02-18,54954.42288519745,55204.089120069024,53965.90296779859,54170.7578125
2019-02-19,54190.65178124866,55109.543669169914,53572.15901097933,53939.7421875
2019-02-20,54240.14518416022,54677.908197292105,53837.398238647176,54502.046875
2019-02-21,54537.6523592942,54956.415270222045,54215.37401454213,54419.9296875
2019-02-22,54429.232675418876,54856.94777136972,54263.617411521634,54668.75390625
2019-02-25,55173.25030101479,55173.25030101479,54563.5077028587,55046.078125
2019-02-26,54847.14688400503,56087.47399850064,54110.93141818083,55655.578125
2019-02-27,56100.31045148186,56961.708835364545,55854.52189883476,56560.6015625
2019-02-28,57085.039855541836,57094.98671733928,56271.386560510764,56537.515625
2019-03-01,56604.62155500323,57095.00197264283,56604.62155500323,56825.54296875
2019-03-05,57092.008527419974,57691.804355460365,56914.45702608464,57356.84375
2019-03-06,57731.586245792874,58477.600885426655,57249.163445496364,58255.1875
2019-03-07,58258.775912110614,58283.4954205749,57338.792118158526,57532.40625
2019-03-08,57691.80419499946,57691.80419499946,56528.021248307225,56723.578125
2019-03-11,56736.902756826916,57672.05546502152,56736.902756826916,57401.65234375
2019-03-12,57791.27054827841,57944.10253486847,56499.173122422755,56867.20703125
2019-03-13,57492.85829266265,57691.79551858882,56896.046614884144,57109.5078125
2019-03-14,57681.86301874809,57681.86301874809,56698.11819161338,56857.71484375
2019-03-15,56896.04712004965,57691.79603081957,56608.58282603401,57303.37109375
2019-03-18,57689.81028263542,57689.81028263542,56939.81688711994,57128.55859375
2019-03-19,57382.406770130554,57382.406770130554,56717.012154719574,57139.0078125
2019-03-20,57094.98449541718,57094.98449541718,56498.172810796095,56673.8359375
2019-03-22,56697.12032640556,56994.53153653881,55877.051965730476,56247.2734375
2019-03-25,56010.7843948778,56020.73125767213,55598.13723765767,55708.6484375
2019-03-26,56099.30973344816,56099.30973344816,55752.164232695075,55881.62109375
2019-03-27,56050.56594396802,56582.72304742894,55901.36301776402,56284.46484375
2019-03-28,56438.49336029879,56547.80781632894,55801.944722065615,55997.796875
2019-04-01,57841.009554896504,60367.46229833022,57691.80660677553,59844.16015625
2019-04-02,59929.842131231926,61356.22210826407,59880.10782240933,60069.19921875
2019-04-03,60158.62787763745,60506.76808526267,59283.303927036904,59721.1640625
2019-04-04,59941.7807687956,60177.42037924821,59432.55193744137,59684.3046875
2019-04-05,59684.30979541181,60079.05260834462,59583.05383831761,59939.0
2019-04-08,60232.23047546273,60232.23047546273,58261.80754875371,58608.20703125
2019-04-09,58884.43322386257,59034.63085248473,57194.461230292705,57334.91015625
2019-04-10,57492.85809213931,58139.40407414433,56995.515029058515,57186.24609375
2019-04-11,57293.928359891404,57682.85068608442,56999.55173945341,57163.5234375
2019-04-12,57194.46377017085,58287.62404292594,57194.46377017085,58204.81640625
2019-04-15,58686.48379247369,58730.995998401035,57719.846999281464,57838.91015625
2019-04-16,57959.372615402586,58228.93258689299,57642.16872713383,57747.60546875
2019-04-18,57893.72023334175,58089.77443530608,57220.41870649587,57504.99609375
2019-04-22,57343.660372003505,57440.24595780734,56084.783942406335,56294.4140625
2019-04-23,56781.659659656754,56781.659659656754,56100.29963746415,56263.875
2019-04-24,56299.24360737168,56498.18086393483,55259.79644182922,55346.73046875
2019-04-25,55751.1662942327,55894.35059426403,55006.146337509475,55126.40234375
2019-04-26,55453.75475636287,55543.027841374234,53961.725480406916,54120.92578125
2019-04-30,54120.93230498843,54299.67665669522,52221.03095318259,52623.87890625
2019-05-02,52325.46459209991,53404.69905807137,51312.178594557794,52146.2734375
2019-05-03,52221.02355845927,53116.24110517571,52221.02355845927,52828.67578125
2019-05-06,52828.67461789525,53703.10475874568,52425.92775355528,53531.87109375
2019-05-07,53713.06014609892,54359.60624045011,52386.44780621885,52663.31640625
2019-05-08,52767.104970541666,54210.394557758314,52718.365349746615,53830.17578125
2019-05-09,54110.93531419789,54389.39696984204,53713.06078982879,54141.96875
2019-05-10,54309.86791085811,54507.75995831747,53465.977671363544,53660.6875
2019-05-13,53710.075678650835,53710.9693421158,52646.655010279654,52789.7421875
2019-05-14,52857.62051170332,53214.712829424454,52569.1615363854,53006.67578125
2019-05-15,53305.235309051786,53513.12473207086,52917.35818899115,53274.69921875
2019-05-16,53562.85534527045,53683.21237133923,52817.83540704304,53407.0859375
2019-05-17,53464.2856454744,54459.07293189429,53117.88615417701,54080.79296875
2019-05-20,54598.02865931978,54856.89575388995,53943.82429482842,54470.3125
2019-05-21,54707.74212293582,54856.945055998374,54125.85068399187,54481.0546875
2019-05-22,54706.74546939966,54956.41170174606,54210.44757466863,54830.93359375
2019-05-23,55227.958450734084,55800.101140322535,54210.39453136551,54527.00390625
2019-05-24,54906.68059166058,57159.44677100546,54707.74334314007,56706.3671875
2019-05-27,56995.52762763452,57620.24116435863,56376.33537722959,56560.5
2019-05-28,56845.269100161015,56945.78291417621,55956.12069196544,56116.91015625
2019-05-29,56299.24018533428,56587.699189817446,55405.01727143648,55619.5703125
2019-05-30,55951.0999669862,55951.0999669862,54732.60934548294,54892.0078125
2019-05-31,55005.25683303581,55380.848035690506,54235.268640514405,54971.4375
2019-06-03,55108.84808862294,56132.08100320789,55095.668496502,55704.86328125
2019-06-04,55728.289910072264,57293.92601328245,55727.29522385676,57077.53125
2019-06-06,57293.88453187768,57434.236333203764,55215.638891251845,55509.26953125
2019-06-07,55652.693294297176,56141.38340500593,54819.14625264175,55302.06640625
2019-06-10,55651.698561255966,55702.427557781804,54807.20997203174,55299.1328125
2019-06-11,55503.488763207315,56000.730829668355,55206.077595820236,55898.4296875
2019-06-12,55970.99428943336,55970.99428943336,55122.8261162814,55413.47265625
2019-06-13,55701.435384206234,55701.435384206234,53962.723817006954,54479.91015625
2019-06-14,54360.605919018686,54850.986309461245,54094.8264926159,54414.0703125
2019-06-17,54658.00591854555,55006.14608363182,53861.11463486023,54433.90234375
2019-06-18,54265.10995826333,54658.01103852205,53836.20201179855,54329.56640625
2019-06-19,54409.336807415995,54639.90585274055,54037.32415721538,54206.22265625
2019-06-20,54309.81130536547,54707.73626231378,53827.338028739025,54629.8515625
2019-06-21,54558.53705590573,54906.57619661944,54160.66258330113,54630.55078125
2019-06-24,54309.86941528988,54797.21516786196,54265.35720546691,54370.24609375
2019-06-25,54757.4769740159,56039.277830401144,54209.3543497505,55257.703125
2019-06-26,55006.1488945601,56050.56944319099,54955.41989648374,55796.67578125
2019-06-27,55793.932338202656,56597.638701485615,55793.932338202656,56201.703125
2019-06-28,56497.184992566275,56498.17967882822,56047.439153422325,56308.79296875
2019-07-01,56537.967236112534,56844.28009396043,56212.70482784004,56457.25
2019-07-02,56457.24949576386,56671.45284947067,55883.463175400735,56366.484375
2019-07-03,56398.70733385493,56772.06435185744,56314.407678713054,56504.7890625
2019-07-04,56508.12485599276,56697.11524012652,56001.977212498365,56239.01171875
2019-07-05,56239.56137510684,56412.737807892845,55453.75922642742,55705.5625
2019-07-08,55415.965240409845,55415.965240409845,54113.773175737304,54485.1875
2019-07-09,54601.30954607967,54608.27234947578,53693.1610459873,54281.21875
2019-07-10,54282.0158911216,55105.61607359336,54265.654080053944,54903.59375
2019-07-11,54708.73413011778,56228.066745994765,54405.35484774681,55865.453125
2019-07-12,55849.64174559842,55992.67840078738,55384.12859576334,55776.73046875
2019-07-15,55513.43970665337,56022.272235802506,55513.43970665337,55834.125
2019-07-16,55554.21752275383,56443.46696260884,55554.21752275383,56210.609375
2019-07-17,56209.71727749129,56209.71727749129,55520.897082576004,55707.1015625
2019-07-18,55707.40340825569,55953.836926591466,55111.63685616274,55243.28125
2019-07-19,55443.811571083024,55602.96137107178,52893.28837752298,53218.55078125
2019-07-22,53497.06023532084,54076.96228980652,52971.06939576594,53856.390625
2019-07-23,54060.2073716457,54146.14671639604,53315.18731016595,53655.171875
2019-07-24,53713.05432698335,54349.60297796908,53439.51562439223,53741.50390625
2019-07-25,53737.920202568384,54194.08483320972,53514.115814866804,53825.3515625
2019-07-26,53713.05264108321,54689.58577868291,53713.05264108321,54049.75390625
2019-07-29,54051.247748117756,54369.54732999846,53225.658207614666,53499.49609375
2019-07-30,53703.102673175614,54001.25983239555,53387.78717868781,53492.7265625
2019-07-31,53515.116645827984,53515.116645827984,52356.854982112636,53264.20703125
2019-08-01,53219.64786089558,53646.153367292485,52871.15624721338,53125.65625
2019-08-02,52821.37568656343,54050.60604698843,52185.27731915983,53637.39453125
2019-08-05,53020.50596624393,53418.78206739881,52722.79458063065,53122.9609375
2019-08-06,52970.724473196824,53861.81673793196,52970.724473196824,53638.98046875
2019-08-07,53767.28259812773,54215.34328644546,53468.57547258257,53765.7890625
2019-08-08,53782.215779951344,54663.40176468257,53772.25887616907,54463.81640625
2019-08-09,54613.61351715955,57184.08917786457,54314.90642408484,56788.6484375
2019-08-13,56357.364998266814,57143.55970935724,55769.70937315432,56492.23046875
2019-08-14,56376.98589780547,57622.09673769183,56107.153800557004,57046.08984375
2019-08-16,57053.06019684547,58048.750601676984,56257.85361079305,56578.71484375
2019-08-19,56764.307327367605,57496.13974072693,56764.307327367605,57341.609375
2019-08-20,57254.17868472993,57607.64871069562,56982.30469391756,57300.875
2019-08-21,57253.188960014806,57607.65471312807,56953.486174376914,57488.171875
2019-08-22,57254.190325545664,57451.33702799876,56733.44423775288,57324.3359375
2019-08-23,57351.77066860239,58148.323038999646,56277.471221435415,57610.15234375
2019-08-26,58198.10049232159,58745.73018044437,57057.089922742285,58529.06640625
2019-08-27,58526.675587933045,59242.57691062314,58397.78425702299,58617.78125
2019-08-28,58617.28812843119,58944.87026215159,57332.450822942665,57674.8671875
2019-08-29,57700.2495301624,57738.085759362504,56941.58412807116,57297.640625
2019-08-30,57411.50430763862,58695.9448306503,57411.50430763862,58337.546875
2019-09-03,58345.75762477098,58397.08623580713,57271.95623652416,57552.44140625
2019-09-04,57552.44629833217,57938.1246215571,57247.26720621409,57442.5703125
2019-09-05,57630.55929753284,58008.92164260994,57335.438224138925,57473.6875
2019-09-06,57829.68734536122,58725.80853356414,57650.5642325075,58501.08203125
2019-09-09,58548.582155059325,58944.86690213788,58081.603395310965,58615.39453125
2019-09-11,58695.948820425496,60020.21704656911,58621.322603158646,59842.93359375
2019-09-12,59996.32225846913,60846.59131915177,59741.425509628054,60397.484375
2019-09-13,60492.16584124433,60733.819088605254,59502.50028871445,59860.84765625
2019-09-16,59541.2837547063,59721.50369750805,59044.48486153447,59205.23828125
2019-09-17,59392.932755731956,59735.10020820555,57301.98290180007,57603.078125
2019-09-18,58446.02738826711,58446.02738826711,57750.039839170895,58113.01953125
2019-09-19,57962.12223734876,58148.31633245439,57641.45938284125,57818.890625
2019-09-20,58128.40826482898,65566.21589994841,57818.896333777935,64364.31640625
2019-09-23,64620.29877682541,67176.23570995501,64620.29877682541,65895.03125
2019-09-24,66461.33103241687,66937.81550819785,65408.18630328765,65595.625
2019-09-25,65239.6167206238,65705.59975876751,63923.314206893076,64221.5234375
2019-09-26,64221.52627383023,65138.059191683256,61882.15192239551,62588.6953125
2019-09-27,62588.70250716544,63600.57288721653,62018.319699529784,62404.44921875
2019-09-30,62687.6714444692,63176.45430256102,62200.77884235758,63018.7890625
2019-10-01,63026.191699138035,63673.39030582123,60507.04502150306,61596.77734375
2019-10-03,61596.7895924299,61797.5223252002,60936.250161963304,61206.1328125
2019-10-04,61712.88582505706,61712.88582505706,60255.09407670517,60675.7265625
2019-10-07,60726.15348257591,61293.69693278936,60338.829970061815,60901.49609375
2019-10-09,60986.52714790085,61235.84643682724,60023.74521501968,60922.40625
2019-10-10,60936.2473232092,61124.43279288382,60475.094909240936,60910.359375
2019-10-11,60986.03326711183,61620.83642065935,60786.89519930085,61456.6953125
2019-10-14,61456.99184507328,62447.2564020908,61375.69528856111,61729.4609375
2019-10-15,61882.14899374281,63025.10027514361,61505.77807950895,62755.8671875
2019-10-16,62758.36388121781,63341.787874335816,62359.53932652015,62625.8359375
2019-10-17,62624.9339826948,65428.4010071977,62385.96832262346,64622.1875
2019-10-18,64620.296172030896,64806.43968335223,63525.03691487783,63743.83984375
2019-10-22,64117.42336569313,64470.84284358736,63754.097547651254,63934.56640625
2019-10-23,64010.94039014219,64264.79086369743,63591.206350663415,64044.09765625
2019-10-24,64371.38440868403,64421.16892872169,62783.25821948293,63206.625
2019-10-25,63554.90767671902,63704.26121191419,62753.72708518638,63012.85546875
2019-10-27,63474.26366078808,63474.26366078808,62740.292080386615,63051.4453125
2019-10-29,63304.99447236705,65317.284596915306,63061.19814322358,64890.28125
2019-10-30,64968.79085168953,65167.928907939924,63827.18138183709,64613.62890625
2019-10-31,64919.010449380454,66014.26982812767,64824.520991471065,65390.71875
2019-11-01,65705.60558154245,66209.02817355694,64405.63071698312,64685.8203125
2019-11-04,65019.572111200214,65426.762769858404,63923.317093751306,64162.6328125
2019-11-05,64459.00250736034,64919.85934612155,62958.89385564449,63580.5546875
2019-11-06,63604.69816952202,63886.62633020391,63091.968212865395,63363.4921875
2019-11-07,63480.23671969364,63646.415879299115,63037.20508712376,63248.83984375
2019-11-08,63406.95268676184,65207.759775117345,62584.81195836434,64176.671875
2019-11-11,63725.174258076455,63823.7475967985,62678.703763158584,62813.3203125
2019-11-13,63106.85031253525,63106.85031253525,62131.07383247396,62687.8125
2019-11-14,62796.99523101606,63425.47419111464,62514.71702170395,63347.3125
2019-11-15,63474.31349189442,64182.44767762578,63039.445739702904,63674.89453125
2019-11-18,63834.10310861184,64420.167986482535,63574.826905159425,64116.03515625
2019-11-19,64162.286493962834,64162.834901541326,63146.68233158167,63265.51953125
2019-11-20,63573.831260593244,63835.64725243207,62479.765958768694,62786.6875
2019-11-21,62831.047050994064,63159.838852095214,62180.03298366133,62279.90625
2019-11-22,62279.40997781248,62831.04866178441,62233.656608569174,62384.3125
2019-11-25,62384.96192277583,63681.41248179157,62384.96192277583,63587.9609375
2019-11-26,63592.78482460174,64190.974216027076,62665.504140848345,62823.4296875
2019-11-27,62831.051761098504,63225.36390844233,62583.11306238989,62735.4609375
2019-11-28,62930.617002449275,64024.83150711545,62544.27080945955,63709.8828125
2019-11-29,63582.87595254028,63842.911274783546,62930.718379701546,63126.828125
2019-12-02,63126.83424867237,63326.4290949842,62283.393842387864,62455.70703125
2019-12-03,62611.03961671424,62775.48413733722,61667.477043275394,61797.171875
2019-12-04,61797.17255319127,62288.47185950571,61287.654358967004,61827.4453125
2019-12-05,62114.11229183618,62331.03528664344,61312.5940782635,61497.00390625
2019-12-06,61922.83052257494,62482.53619949444,60992.3137085761,61270.921875
2019-12-09,61104.44093823913,62828.21073673576,60990.92683813551,62224.046875
2019-12-10,62134.03136801094,62192.72932645537,61262.81146090791,61805.5390625
2019-12-11,62034.454789660915,62083.19536907562,61340.72515583204,61785.71875
2019-12-12,61835.31276181247,62681.68982860057,61797.37359862566,62424.890625
2019-12-13,62532.32434345529,63826.78328687077,62532.32434345529,63653.875
2019-12-16,63328.925251053435,64573.597524069424,63328.925251053435,63980.38671875
2019-12-17,63980.124043597745,64722.496992599765,63606.72244188658,64427.95703125
2019-12-18,64327.79039178493,64653.19824983166,63727.21275430077,63853.5703125
2019-12-19,63976.14671785346,64102.10753590495,63456.422207378455,63806.921875
2019-12-20,63806.923639369,64113.50972740612,63187.42308333438,63493.4140625
2019-12-23,63328.91903049322,63627.640346674794,63117.42589447686,63409.47265625
2019-12-24,63344.84907269491,63627.638577483725,63179.45548606102,63340.6171875
2019-12-26,63340.86674847664,63478.27855145862,62528.79208706413,62872.62109375
2019-12-27,63029.793683145304,66315.92226099386,62932.70926661799,65359.671875
2019-12-30,65717.6894467382,66704.46546215838,65220.81635723801,65970.0078125
2019-12-31,65714.41050952999,66295.22120594874,65511.57562567444,66047.578125
2020-01-01,65916.83805033471,66658.66261486741,65818.26002095387,66424.7109375
2020-01-02,66424.71713739067,67427.33171477247,65983.55863297335,67015.6875
2020-01-03,67112.70696243273,67179.07131043631,65967.60884660487,66299.640625
2020-01-06,65730.93270662481,65894.83268799617,64842.58687280727,65229.73046875
2020-01-07,65468.76285881524,66231.54466839579,64822.529043922674,65055.6328125
2020-01-08,64523.801066735425,64959.833036931166,64025.93223134395,64595.046875
2020-01-09,65519.53747758733,66863.78330729467,65241.52830317086,66632.4765625
2020-01-10,66440.60426345674,67809.74372935787,66046.83664138296,67205.9765625
2020-01-13,67204.3256823334,67610.586644794,66465.4883437408,66731.0546875
2020-01-14,66416.69005813566,67212.28435741828,66168.75140917274,66411.8125
2020-01-15,66513.2958983484,66633.38343708258,65539.01310207024,65989.2421875
2020-01-16,66215.568215585,66863.79352586553,65616.13405769116,66773.578125
2020-01-17,67172.46784988049,69701.64170607225,66853.78509830337,69017.46875
2020-01-20,68765.65116377722,69920.95592431548,67953.12913438767,68218.7421875
2020-01-21,68108.4504199454,68257.81105683124,67298.81463842622,67640.6015625
2020-01-22,68167.21390124776,68506.76049030581,67233.35965171801,67561.953125
2020-01-23,68208.03246297404,69701.63901325814,67849.56689090586,69580.8046875
2020-01-24,69314.2927754903,70523.76394263582,69203.76589758194,70107.25
2020-01-27,69990.40279470292,70299.08148109299,69483.57230640439,70009.671875
2020-01-28,70284.1486603236,70697.33314887734,69046.49331973688,69566.921875
2020-01-29,69791.25897261516,70299.08522566174,69701.64257501872,70072.6015625
2020-01-30,70238.34352771987,70299.08352906935,69204.76776705169,69521.015625
2020-01-31,69551.27289499603,70299.07180327162,69022.73850932214,69377.765625
2020-02-03,68397.21521762089,69590.10885324048,67710.15627890843,69166.5703125
2020-02-04,69353.12969649569,71592.54374800206,69353.12969649569,71374.625
2020-02-05,71374.63051595927,73252.14851880343,71374.63051595927,72082.25
2020-02-06,72289.56096181528,72788.42554730365,70956.26818742623,71331.015625
2020-02-07,71592.54652800669,71593.54226572944,70071.30822207528,70658.0
2020-02-10,71185.27428207998,73186.70666852537,69502.47789745675,72935.6796875
2020-02-11,72888.01590218433,73186.73727883262,70807.91938279002,71077.46875
2020-02-12,71449.16308337371,72498.96629374466,71095.67617800688,71370.453125
2020-02-13,71660.24947431622,71660.24947431622,70598.89429839485,71220.28125
2020-02-14,71493.97316604968,72210.11089473615,70796.95671457009,71493.1796875
2020-02-17,71493.96169826045,72024.6898540428,70896.51912139475,70995.890625
2020-02-18,71198.23550202612,71198.23550202612,69231.57095494217,69399.4609375
2020-02-19,69993.35432991729,70139.88175522716,69206.68837571847,69664.046875
2020-02-20,69664.02738429267,70931.9579750909,69456.71077879281,70490.7265625
2020-02-24,70588.8233683403,70588.8233683403,68211.04952544547,68584.0234375
2020-02-25,68808.38336677183,69504.33230486065,68210.91549383315,68841.6953125
2020-02-26,68842.22679639346,69111.04061095134,67563.64579129366,67852.421875
2020-02-27,67892.2403022338,68051.51833097526,66449.06031240134,67274.3125
2020-02-28,66119.76037645043,67012.62453050795,65039.33959319066,66112.9921875
2020-03-02,66608.6942890001,67310.61778436168,65274.34960365737,65697.8515625
2020-03-03,66517.08370775048,68269.01016105329,65323.143927729936,67454.8125
2020-03-04,66986.09346871528,67413.08064796074,65821.03134059877,66770.359375
2020-03-05,67016.00437963201,67882.18469939318,66527.52787701567,67041.0
2020-03-06,66108.8119651276,66219.54576862758,63589.04225042113,66068.1328125
2020-03-09,65522.30145533709,65522.30145533709,62786.34627976096,63990.64453125
2020-03-11,63929.05386951853,65410.07383901763,62438.371725551726,63321.48046875
2020-03-12,61739.33197362894,62622.786871020115,57755.21772988304,60299.68359375
2020-03-13,55793.54276719267,66020.20141825583,55793.54276719267,65651.1171875
2020-03-16,61738.33340566533,63630.16677964758,60054.52071793571,61036.359375
2020-03-17,61036.35807951244,63480.747929688005,60095.34640483441,61878.4375
2020-03-18,62634.48279181868,63127.54536721251,58950.14904352817,59668.25390625
2020-03-19,58701.20927762039,59617.32653861125,56710.14790441256,57559.796875
2020-03-20,57954.318230033445,60853.184150202345,57291.875895975376,58739.98828125
2020-03-23,55669.061993024254,56758.29713199177,51282.65258278775,51750.91796875
2020-03-24,54767.8809917051,54767.8809917051,49704.442582979515,52375.71875
2020-03-25,49943.87598828074,57456.48486829315,49943.87598828074,56340.46484375
2020-03-26,56361.12786561265,60486.292853037,54668.30247035573,55110.1796875
2020-03-27,57695.47308024924,57954.37578996386,53393.70498037564,56133.34375
2020-03-30,54469.14303329002,55036.73739396598,53297.009333609545,54146.2109375
2020-03-31,54369.566797373205,59061.680327578746,53892.638930315006,57918.97265625
2020-04-01,57655.638173767744,57655.638173767744,54444.69632373855,54876.26953125
2020-04-03,55365.347686028086,55962.81546681256,54269.990087923215,54829.8671875
2020-04-07,56261.54169229885,57842.83953667709,55818.470382180996,57457.5234375
2020-04-08,56361.12427631608,59248.88506079163,56062.39040205999,56931.45703125
2020-04-09,58351.68756709424,60204.88393109357,57456.680103271305,59764.59765625
2020-04-13,59248.88774104332,59578.88755316087,56860.01241850948,57156.953125
2020-04-15,58253.10430463576,58253.10430463576,56520.44786890813,57175.421875
2020-04-16,57147.79414062808,61738.33832930721,56771.49056662015,60186.8125
2020-04-17,61282.16857275255,62076.90184769324,60742.557149651715,61378.1640625
2020-04-20,61738.333813575206,61738.333813575206,60891.92117258264,61124.93359375
2020-04-21,60244.664974847,60537.02741730822,58253.80206988243,58616.31640625
2020-04-22,58626.52907760906,59238.832451296876,57584.94352490963,57976.234375
2020-04-23,58299.90878569658,59091.40576405445,58253.10714405947,58464.5625
2020-04-24,57979.27366794157,58950.15888608228,57755.22323298602,58557.22265625
2020-04-27,59448.042449641835,60035.552416899605,58557.21645863655,58956.67578125
2020-04-28,59547.61101999758,59547.61101999758,58302.8867093789,58826.3671875
2020-04-29,58850.57047150572,59497.82716873886,58651.41456466475,58953.83203125
2020-04-30,59547.61645128833,61539.17552992674,59248.83202256284,60255.265625
2020-05-04,59248.83875413017,59248.83875413017,57456.485946646855,57742.57421875
2020-05-05,58399.487762581164,59099.5208400974,57257.328530844155,57506.2734375
2020-05-06,58103.737190070366,58541.88019544536,56958.69183261068,58116.3828125
2020-05-07,57755.218282968526,58750.997908536956,57755.218282968526,58582.76171875
2020-05-08,58653.40514958426,59530.737471576955,58203.31280759906,58626.41796875
2020-05-11,58775.892178536764,59199.098517814666,58040.01103800414,58543.078125
2020-05-12,58253.106653477764,58382.456867730885,57076.94313376364,57388.87109375
2020-05-13,58601.62543016452,59945.92779772139,57975.77799460193,59393.41796875
2020-05-14,58428.36288264989,58875.467915956695,57680.9291708421,57887.2578125
2020-05-15,58503.04313974997,58503.04313974997,57531.16231892316,57890.19140625
2020-05-18,57989.2223404638,58253.05335540371,55913.02196989855,56118.203125
2020-05-19,56610.064239674146,57157.742961430005,56361.119366148756,56588.35546875
2020-05-20,56958.5931721255,57157.74909230776,56505.564020643724,57057.07421875
2020-05-21,57156.75282140153,58014.11905041644,57058.170641758705,57209.03125
2020-05-22,57067.57687171775,57645.677460513514,56759.43367160598,57191.703125
2020-05-26,57590.71311767779,57954.32047216614,56953.760381153465,57482.47265625
2020-05-27,57580.953959508006,57954.37130036085,57257.32559743554,57833.68359375
2020-05-28,57707.41237602095,58701.20029621816,57707.36180909427,58219.44140625
2020-05-29,58104.23800888445,59100.01761675216,58104.23800888445,58863.62109375
2020-06-01,59248.888808646865,62007.1478551564,59115.057580420085,61186.7265625
2020-06-02,61737.34046953211,63469.448546233834,61397.480108323885,62427.8125
2020-06-03,63231.95351391319,63901.4674783819,60871.25961352803,61483.6640625
2020-06-04,61583.241314215236,62224.173285224344,60453.77832516373,61388.56640625
2020-06-05,61444.5845002926,63574.55721313801,61261.46217499577,63258.09765625
2020-06-08,63431.16473067995,64875.04524652746,63292.85249096415,63973.265625
2020-06-09,64695.79550181041,64695.79550181041,63281.788581499946,63724.0625
2020-06-10,63719.93663247053,64122.37940208473,62983.95437387607,63527.10546875
2020-06-11,63431.1111708305,63829.42301847737,62435.529929684315,62619.55078125
2020-06-12,60742.55669923885,63829.47351510181,59248.88727220838,63460.08984375
2020-06-15,64675.887831985914,65222.57085615466,62236.22770591408,62727.74609375
2020-06-16,63456.053391373636,64222.8036638155,61815.50654222043,62395.84765625
2020-06-17,62483.175646307864,63232.00187321587,62105.825761113316,62702.49609375
2020-06-18,62622.58860090044,63082.63878429975,62436.42837931538,62733.81640625
2020-06-19,62834.69180772399,63324.56482947018,62435.38416735541,62683.6328125
2020-06-22,62933.27501148422,64924.834347290685,62933.27501148422,64489.4296875
2020-06-23,64735.6338379592,65373.47736904748,63884.938520892865,64260.296875
2020-06-24,64758.182419369994,65591.99999463964,63318.03622243288,63857.453125
2020-06-25,63889.2144796631,65223.559046414164,63600.43841670951,64536.12109375
2020-06-26,64735.28321171439,66717.23474023539,64735.28321171439,66177.2265625
2020-06-29,66119.77415049101,66518.87955493713,64556.450539474594,64921.75
2020-06-30,66199.43891258947,67439.18472254997,65472.51968265279,66990.5859375
2020-07-01,66518.07549681919,66518.07549681919,65323.14000885238,65558.9375
2020-07-02,66119.76621431616,66518.07805898071,65522.29844731932,65813.9140625
2020-07-03,66021.1809400762,66318.87235284864,65537.68328409418,65861.109375
2020-07-06,66319.90428224973,67264.89893944489,66069.96365110538,67049.359375
2020-07-07,67049.37922591255,67225.08766610041,65323.14843573081,66576.6328125
2020-07-08,66717.23220771588,67163.98716270567,64726.369305093125,65011.66015625
2020-07-09,65666.58584013181,65920.61077684067,64775.464215007334,65060.109375
2020-07-10,65521.30598133833,65521.30598133833,64242.724895303,64593.48828125
2020-07-13,64825.246625127445,65421.61742258276,64078.41198658911,64400.49609375
2020-07-14,64526.517611730545,64616.13777508017,63341.687707363235,64124.22265625
2020-07-15,64404.034317205995,64924.77645785153,63192.1705980471,63406.61328125
2020-07-16,63729.89370587152,63862.083446331744,62167.86560925032,63269.79296875
2020-07-17,63728.84041573008,65592.8423594327,63115.191310774346,65084.6953125
2020-07-20,65223.55868194242,65571.58362483309,64446.951788747974,64768.2890625
2020-07-21,65522.29575304533,65621.87371011682,64974.86593404477,65344.15234375
2020-07-22,65313.186254638415,65313.186254638415,63984.6178436762,64135.92578125
2020-07-23,64520.09888321293,64520.09888321293,62833.695490398524,63089.9609375
2020-07-24,62932.27188775277,63530.73539832319,62435.377891455544,62710.7109375
2020-07-27,63311.66411912336,63311.66411912336,61344.99949761866,61670.22265625
2020-07-28,61937.29104553747,62734.11308167929,61744.30818639057,61942.3671875
2020-07-29,62136.64869767235,62534.96054829846,61290.23601509188,61554.21875
2020-07-30,61738.33275975511,62136.54345014996,60444.5155986612,60785.51953125
2020-07-31,60941.708472425475,61340.02029250669,60346.23230140407,60790.8984375
2020-08-03,60742.55316150218,61539.17680952189,60545.63775350731,60717.30859375
2020-08-04,61240.44379312759,61439.59970790199,60746.68493551758,61011.515625
2020-08-05,61140.86182779889,61638.751582096935,60891.91695064988,61259.41015625
2020-08-06,61240.446877571914,61588.96974598086,60842.13502796169,61086.8984375
2020-08-07,60991.49863221944,62993.015566925744,60991.49863221944,62438.16796875
2020-08-10,62532.96006801319,63281.78624036176,61439.59419402551,61601.90625
2020-08-11,61937.49209269808,62226.268181233165,61130.91060403111,61201.0625
2020-08-12,61379.84893617237,61638.60379749746,61091.07287855573,61374.62109375
2020-08-13,61638.759672741166,64080.66029321741,61140.86985309059,63706.49609375
2020-08-14,63729.89602620709,64327.36380145278,60941.713075060536,61174.4765625
2020-08-17,61936.49655781005,62019.29407727188,59687.42715313722,59894.203125
2020-08-18,60443.819242012774,60623.0089957338,59746.773550589234,59951.40625
2020-08-19,60324.328564778334,60463.73770969529,59352.54880265216,59585.26171875
2020-08-20,59745.13460120095,60045.509962045755,58985.650387431946,59256.15625
2020-08-21,59736.820195813176,59896.144937125566,59074.72787360256,59375.5
2020-08-24,59746.77446343632,60282.00598467127,59253.91414104448,59347.01953125
2020-08-25,59694.00107502525,59896.14433854519,58817.963951470214,59036.1875
2020-08-26,58999.9364393167,59494.092025105914,58999.9364393167,59086.3203125
2020-08-27,59533.67889060791,59546.62402534811,58850.57408816324,59066.2109375
2020-08-28,59149.30982199441,59745.78181834751,58901.36069496281,59328.40234375
2020-08-31,59745.78401582994,59745.78401582994,57277.296797548835,57742.72265625
2020-09-01,58253.108832069745,58451.21841312785,57356.90715773021,58099.0625
2020-09-02,58163.4842435843,58850.42433065639,57755.214622973625,58339.48828125
2020-09-03,58493.08625410028,58749.001597170776,58058.37791576843,58245.23828125
2020-09-04,58004.166019808115,58551.844840596,57322.504265909156,58178.82421875
2020-09-07,58178.81907435598,58606.556973521976,57755.215994330756,58127.8359375
2020-09-08,58253.10757877336,58253.10757877336,57805.00675124433,57966.96875
2020-09-09,57954.370617574976,58805.71157775785,57622.77602280431,58515.54296875
2020-09-10,58616.56908228305,59148.31541524728,58452.26544007501,58884.484375
2020-09-11,58850.57768300891,59149.31157987698,58199.23665396519,58976.7421875
2020-09-14,59073.82995577694,59642.27591838827,58046.34791471347,58365.50390625
2020-09-15,58445.44008943484,59243.330056526094,58046.495105889204,58254.39453125
2020-09-16,58445.44376995739,59692.14692204692,58354.13445190888,59416.82421875
2020-09-17,59153.57077389888,59620.33643099186,58998.53155010736,59373.83984375
2020-09-18,59443.656078599604,59811.83089800955,58376.376877333205,58795.12109375
2020-09-21,58795.11984817966,58924.07570376258,57713.37891315117,58005.85546875
2020-09-22,58006.600987095604,58196.34919613609,57248.60551339903,57557.33984375
2020-09-23,57847.02185093906,58166.17783356493,56650.18691609205,57060.6015625
2020-09-24,56849.21385987687,56947.504712393245,55154.145661887065,55472.15625
2020-09-25,55762.53726292444,57847.024883734884,55554.139148157745,57309.89453125
2020-09-28,57647.555481230105,59293.15304401735,57647.555481230105,59150.1328125
2020-09-29,59621.134114765104,59732.04004542791,58022.31138208052,59305.51953125
2020-09-30,59143.59682903158,59842.747948376455,58545.17932317291,59415.078125
2020-10-01,59412.88976656955,60534.92268561254,59243.338125469716,60418.53125
2020-10-05,60639.63955335533,61072.44422785303,60140.95830702839,60365.96484375
2020-10-06,60639.64106283014,60938.84981807437,59917.901235434125,60110.98828125
2020-10-07,60330.45047836479,60928.56791957344,59798.65763554946,60441.70703125
2020-10-08,60568.7781817119,60938.85032609775,59442.80653740468,60016.640625
2020-10-09,60517.858720083386,60517.858720083386,58388.24050390276,58629.8515625
2020-10-12,59141.6055220399,59141.6055220399,58020.62064359345,58432.58203125
2020-10-13,58046.602417674745,59282.43203099212,58046.602417674745,58435.421875
2020-10-14,58545.177494539035,58992.99324743594,57847.02375951046,58748.19140625
2020-10-15,58844.3897813409,59090.13835248943,57996.631623474124,58300.4765625
2020-10-16,58196.107556927134,58724.8577795473,57707.45053153198,57860.09765625
2020-10-19,58147.17914366763,59941.48488770268,57946.759933037036,59851.57421875
2020-10-20,59094.71756147189,60188.12670275878,59094.71756147189,59769.28515625
2020-10-21,59841.753308580664,61436.53603425434,59841.753308580664,60881.453125
2020-10-22,60881.44760382673,62277.906996337595,60674.194904473705,62086.1640625
2020-10-23,62085.81798472231,63816.24198799127,61966.831854760494,63451.30859375
2020-10-26,63631.72733975954,64150.254543824856,62698.14539479608,63113.546875
2020-10-27,64375.76139106681,69424.86241093575,63334.61621198511,68022.71875
2020-10-28,68022.70698994085,68022.70698994085,65187.65386194829,66668.234375
2020-10-29,65825.92441377824,68735.6827302478,64989.03598910236,67120.8515625
2020-10-30,67569.313654709,68269.46211939586,64429.6671982702,65131.01171875
2020-11-02,65327.243081047935,66461.44682119148,64589.2454859195,66051.375
2020-11-03,66469.2276746135,67819.65657807853,66392.08012237704,67497.7578125
2020-11-04,67142.69030418141,69067.35051584868,67046.19548595168,68269.3125
2020-11-05,68818.01820442331,69705.77219763941,68028.15379031752,68387.65625
2020-11-06,69067.3554076626,69715.64105408831,67960.13495007309,68336.140625
2020-11-09,68917.75135816218,70140.22173743385,68484.49863014482,69656.84375
2020-11-10,70258.19838999452,70549.7243089163,68792.02887965522,69184.0390625
2020-11-11,69296.75201217941,70304.08821730752,67740.01707184571,68408.25
2020-11-12,68817.01526889026,69396.23354187114,68468.93575572569,69203.890625
2020-11-13,69316.70528708947,72307.79592242734,69266.83715378941,71636.7734375
2020-11-14,72034.50826956698,72298.80933833036,70813.98588126816,71736.296875
2020-11-17,72097.35278543786,74453.12341513026,71736.30749841472,73900.0390625
2020-11-18,73903.01048644353,75204.1691583601,72186.3244682344,74846.1015625
2020-11-19,74306.52327698664,77197.99456530857,73914.49714589758,76631.8203125
2020-11-20,76759.12176071989,79293.52226480635,76600.53471619028,78864.0390625
2020-11-23,80949.21435492327,81038.3806102237,78994.35154514965,79906.4296875
2020-11-24,80091.45416441975,80739.76605989762,78895.11611979574,79632.796875
2020-11-25,80590.15616861099,80590.15616861099,75456.52332455355,76113.5625
2020-11-26,76800.01351885211,77342.55387409394,74112.26239638551,75623.125
2020-11-27,76301.32619844918,79023.1921144087,75104.44265023823,77536.7578125
2020-12-01,79193.78607906538,79894.31352733896,77575.49995925072,79357.65625
2020-12-02,79592.7481786134,79792.22875048962,78427.73488559722,79574.046875
2020-12-03,79566.1164868795,79592.75026080568,78296.1265096898,78689.75
2020-12-04,79193.73981037446,79393.26713432248,77996.9031394977,78493.7578125
2020-12-07,77685.01027294649,79787.23933323503,77685.01027294649,79321.1015625
2020-12-08,79393.26817800963,79776.56698274388,78657.97966789918,78956.203125
2020-12-09,79288.5425542435,79394.06466287351,77797.47199045758,78167.7578125
2020-12-10,78295.12652422115,78540.83827539477,77149.21194534062,77413.625
2020-12-11,77787.45222542087,78193.09910201874,77099.2442239394,77676.09375
2020-12-14,78196.38002804526,78196.38002804526,77099.23694091708,77346.2421875
2020-12-15,77346.25107890912,77597.94726450024,76600.5443433627,77085.6328125
2020-12-16,77182.02992165623,78974.76036612417,77179.03771290541,78414.671875
2020-12-17,78420.80939996868,78960.7005168294,76800.02955545422,77090.421875
2020-12-18,77697.67034626703,77986.91712932757,76650.39751104776,77370.0703125
2020-12-21,77436.36213225489,77591.1076253189,74351.84707875694,75082.1953125
2020-12-22,75280.9834785936,76510.6332806276,73586.14649280984,75898.7265625
2020-12-23,75802.61521258579,76650.40761956866,75210.5553332203,75657.84375
2020-12-24,76201.58787822514,76351.15157236521,75353.79534293074,75695.2578125
2020-12-28,75902.35329593702,76640.63396748112,74814.03878606271,75170.9609375
2020-12-29,75701.88581064438,75802.62350767432,74665.5841550592,75481.0078125
2020-12-30,75364.8005209486,77471.01915286308,75104.43163413926,76725.3125
2020-12-31,76401.05923458791,77139.0905992608,75114.55759450451,75553.71875
2021-01-01,75802.61091335928,76136.09408968114,75353.77966453019,75824.203125
2021-01-04,76002.74887470606,78695.08999169148,75702.88124676024,78198.5859375
2021-01-05,77597.94941763753,79166.8642561201,77498.20912275625,78847.6953125
2021-01-06,78847.6876577336,79592.74758816414,77417.61456544569,78547.71875
2021-01-07,79293.5191769561,79293.5191769561,76800.012284599,77131.75
2021-01-08,77577.99349020541,81187.59439585022,77398.46097762843,80392.765625
2021-01-11,80490.41404274647,82784.44071310975,80290.93346271488,82293.6171875
2021-01-12,82186.00450471834,86774.05815425358,81500.1886659674,85524.2109375
2021-01-13,85976.12971248326,87172.96643549834,85078.46710527636,85419.875
2021-01-14,86075.86221072178,89704.51491990326,85562.19976531598,88519.1484375
2021-01-15,88918.48224318046,89590.63060267066,86176.91735241112,87324.3828125
2021-01-18,87571.97835566572,87936.63042990316,84890.21119389127,85439.3828125
2021-01-19,85926.25193010914,87777.1354382489,85926.25193010914,86971.078125
2021-01-20,87571.97440885138,93875.70877364514,87373.09382951295,92839.7578125
2021-01-21,93356.9194831936,96229.14397866504,90366.7053313708,91474.71875
2021-01-22,92203.914917798,94100.92850564729,91182.57433457112,92066.2265625
2021-01-25,93636.14052323201,93636.14052323201,88973.42986711716,89405.5546875
2021-01-27,89866.00760878155,89943.05698822415,87282.73391614288,88347.7109375
2021-01-28,87871.19102273838,89179.3861583134,86896.47908826651,87260.484375
2021-01-29,88269.26059626348,89155.85047613799,83238.96036597152,83850.8125
2021-02-01,84667.53107687038,88567.97612590237,83682.14383823326,87904.75
2021-02-02,89217.68608052598,91711.0919388834,88695.89633127619,90510.2734375
2021-02-03,91345.34808032741,93036.093968085,89267.60209341056,89729.8515625
2021-02-04,90763.56210813453,93536.44345380104,89730.35400808015,91942.546875
2021-02-05,93075.93173272483,93323.94217574563,90037.69471478743,90457.5
2021-02-08,92010.30872646997,92310.8776243275,89766.25368311585,90634.7421875
2021-02-09,91257.37556373753,94453.0543582751,90165.21942140961,93354.8125
2021-02-10,93608.2562230653,97626.58987760312,92509.1182360451,96722.0
2021-02-11,96518.6849251772,98343.88559790343,88888.55224275903,89850.75
2021-02-12,91761.07035594368,93237.22670514799,89851.04372842594,91040.9921875
2021-02-15,92133.49263724255,92209.89525546353,89766.25822597857,90408.484375
2021-02-16,91261.36337144574,91312.23091679535,88772.64066326105,89342.7109375
2021-02-17,90766.5957381476,90766.5957381476,88583.30913014243,88955.8515625
2021-02-18,89270.54676911715,89769.2649074921,88123.49505085475,88653.484375
2021-02-19,87933.98364962307,89140.73350800949,86776.95754897014,87894.1875
2021-02-22,88572.33974053035,88572.33974053035,86004.93881156498,86698.453125
2021-02-23,87069.81191756853,87879.17697383995,85580.0394165044,87334.03125
2021-02-24,87874.13676547178,88372.8549082951,86627.34140841343,87754.09375
2021-02-25,87973.87958577418,88372.85409636726,87138.87736541087,87398.15625
2021-02-26,86677.2094211014,87096.13264269936,83588.6948528822,84281.515625
2021-03-01,84981.57293147729,89633.61584406426,84933.74274380734,88797.21875
2021-03-02,89917.63522237954,90042.56411836094,88220.20125209338,89450.484375
2021-03-03,89450.08372448984,89719.39151447214,88253.16021345742,88868.6796875
2021-03-04,87973.87791886773,90568.20962484251,87871.84330670524,89543.390625
2021-03-05,89469.9401228642,89469.9401228642,87779.38679606059,88434.453125
2021-03-08,88434.45278616792,89255.54551094763,86978.49182115613,87340.0625
2021-03-09,88171.77059053638,89276.03386582855,87774.3935310446,88839.359375
2021-03-10,89472.77121440964,89473.02057346278,88152.8669913438,88456.734375
2021-03-12,88572.34305869494,90068.49750225397,87973.88128127133,88547.7578125
2021-03-15,88971.31311165515,89261.06834101542,86776.95337123316,87448.7734375
2021-03-16,87674.65051212868,88253.0155074768,86278.23969623585,86596.421875
2021-03-17,87104.66189472636,87104.66189472636,85027.70342293431,85389.5234375
2021-03-18,85804.6637888131,86126.88248159694,82787.26300961702,82992.9375
2021-03-19,82687.4695663858,84703.24158108459,80399.14808173508,84323.0625
2021-03-22,84283.35896976985,85279.7977343947,82209.79041036741,83508.1484375
2021-03-23,83784.54596044106,84782.03678467273,83385.67275178882,84398.171875
2021-03-24,83654.97234561239,84129.15194668798,81590.27945476444,82130.59375
2021-03-25,82089.00710941371,82780.23046210902,80495.80523179866,81541.6171875
2021-03-26,82537.25141836349,82537.25141836349,81590.28698101686,81799.203125
2021-03-30,82299.47084727451,83730.79201252325,81116.55808852511,82972.0390625
2021-03-31,82499.35700437981,83311.62087067786,81739.91051085504,82048.5703125
2021-04-01,82934.836805473,83236.01582535054,81989.26715507144,82919.9765625
2021-04-05,82098.98482128096,83055.62756969251,81054.27156138368,81311.90625
2021-04-06,81929.16966721698,82288.4961001878,81002.90199051802,82034.6953125
2021-04-07,81560.3698044452,83734.78103318057,81475.33835616554,83458.09375
2021-04-08,83684.90717754378,84275.53753544026,82288.49633071944,82770.359375
2021-04-09,82695.79064727874,83073.92026698205,81540.40887326968,81678.203125
2021-04-12,81091.57844291064,81191.32208183182,78697.73110880259,79024.7421875
2021-04-13,79296.18572732001,82886.95640176469,79096.69846762865,82459.65625
2021-04-15,81490.5381638944,82238.56856479947,80293.6147147307,80772.8828125
2021-04-16,81201.28563278119,81770.8684900049,80772.8867606613,81157.3984375
2021-04-19,79001.94267749558,80192.8816277756,78610.94764524284,79028.2734375
2021-04-20,80193.82891483726,80443.33603791978,78497.78205662312,79136.390625
2021-04-22,78897.21174121737,78897.21174121737,77435.32077899712,78107.2421875
2021-04-23,78079.31555302245,78678.7747845933,77600.54611682608,78013.6328125
2021-04-26,78348.61700606375,79093.10186047001,77285.84868754102,77488.375
2021-04-27,77700.29083662825,78271.72055695688,77500.80356875501,77810.40625
2021-04-28,78189.03101969199,79096.69804645458,77650.4154213933,77860.671875
2021-04-29,78398.48045534428,78897.19852439864,77306.28788411526,77457.796875
2021-04-30,77401.05491263745,81489.5462024171,77002.08040277849,80513.6015625
2021-05-03,80193.77681835262,80919.96498843243,79096.79949806618,79702.6875
2021-05-04,80672.64497961571,80672.64497961571,78209.1254660906,78412.953125
2021-05-05,79096.64479188042,79195.3909767874,77551.66285558247,78077.015625
2021-05-06,78099.25441147234,78996.90023609271,77556.89847805935,77687.609375
2021-05-07,78099.25636888671,78568.0513943449,77002.07652206965,77247.6484375
2021-05-10,77999.51408412373,78543.11683573303,77301.30871508426,78169.125
2021-05-11,77714.24268736535,78787.43726441798,77407.38300445517,78419.578125
2021-05-12,78099.25866113715,79021.98849788697,76803.58896764013,77069.203125
2021-05-14,77302.31243945847,77650.41771605324,75755.28870307314,75940.5625
2021-05-17,76583.1628161113,78263.14174042482,75805.16246450193,78011.2890625
2021-05-18,78647.85020243314,79742.03779497682,78204.53653347939,79066.7734375
2021-05-19,79068.76516596484,79794.89874454014,78139.20135041443,79478.9140625
2021-05-20,79595.41120189398,82258.51918277313,79043.1821913163,81022.84375
2021-05-21,81490.5462785239,82272.18568197785,81091.57175574043,81967.5234375
2021-05-24,82148.85498666807,83086.44512371843,81789.7779129041,82247.453125
2021-05-25,82493.96823005745,82885.91394874353,81710.9807193497,81970.9609375
2021-05-26,82458.00682218748,82587.7202876075,81191.30955810689,81360.375
2021-05-27,81390.68690180729,82961.60205165985,81147.01637224843,82581.875
2021-05-28,82985.70379012883,83435.54756720965,82612.66260913496,83168.3359375
2021-05-31,83023.60706023735,83749.74070200547,82787.21465213427,83426.96875
2021-06-01,83428.96291277063,84582.59931044483,82599.49331669896,82870.453125
2021-06-02,82587.71704036658,84559.10292721499,82587.71704036658,84216.1796875
2021-06-03,84487.82974843067,84867.85292456139,83595.12438717873,84254.4296875
2021-06-04,84632.46520063216,85117.21921462752,84024.02909253097,84700.9921875
2021-06-07,85379.43247821929,87076.17260741742,82039.1202400926,82189.234375
2021-06-08,82049.11030551352,82243.75844159893,80942.104065855,81140.6484375
2021-06-09,81659.11368623251,81778.8060440523,79803.88214002586,80022.46875
2021-06-10,80095.12535079033,82114.8869275621,79844.81561611645,81961.4765625
2021-06-11,82360.45722778377,82606.1304609951,81116.70872397348,81960.8359375
2021-06-14,81789.77718842891,82914.83858809649,81062.94223440133,82265.40625
2021-06-15,82318.91417872523,83144.04333405994,81739.9024233045,82650.265625
2021-06-16,82586.71636962416,82936.81646075737,82138.9142899175,82342.640625
2021-06-17,81714.97319556981,83082.31037817332,81616.2737514808,82464.4453125
2021-06-18,82438.10206509558,82934.22527329453,80293.61423158129,82432.21875
2021-06-21,80792.34364547968,82039.13907210746,80792.34364547968,81567.3984375
2021-06-22,82288.49202496109,82288.49202496109,81291.05575799185,81537.671875
2021-06-23,81540.40918851379,82288.43958221047,81540.40918851379,81760.390625
2021-06-24,81987.2629424591,81987.2629424591,80443.2316639009,80767.3984375
2021-06-25,81009.66455151307,81040.73312779641,80168.92721422017,80307.7734375
2021-06-28,80691.59372495089,80940.80472598667,79935.53706116627,80348.125
2021-06-29,80542.97509224374,80542.97509224374,79323.8586673955,80016.578125
2021-06-30,80094.12216921934,80442.77285552218,79666.22206447968,79874.1875
2021-07-01,79894.64334927431,81258.98807762243,79894.64334927431,80810.5859375
2021-07-02,80813.38883182599,81280.68774454817,80393.36684185402,80934.2734375
2021-07-05,80981.85139883542,81617.96638503579,80393.36399490251,80623.125
2021-07-06,80682.61991602232,81175.35343362048,80144.00432998384,80242.953125
2021-07-07,80393.36269888074,81141.29183826517,80094.3344245896,80561.828125
2021-07-08,80792.34376885292,81131.42537058497,79894.6510603101,80211.7890625
2021-07-09,80393.3622362887,80493.00455977228,79675.20813194467,79789.6171875
2021-07-12,80094.1324338225,80273.87356655898,79675.20920066925,79981.5234375
2021-07-13,80233.72731151385,83236.05725803101,79796.00084316122,82902.7109375
2021-07-14,82787.19804014916,83143.23598051573,82169.38766531699,82593.7421875
2021-07-15,82593.70657706399,83041.50870098142,80908.03930518468,81236.3984375
2021-07-16,81739.90645923882,82497.95806276563,81146.33054645667,82238.4765625
2021-07-19,81590.28263257386,82752.2490717236,81415.73129442349,82025.4609375
2021-07-20,81990.24930262665,82487.96994351922,81193.29781550606,81430.734375
2021-07-22,81441.1737506436,82188.75226793507,81034.26648938686,81362.875
2021-07-23,81670.03606889362,81759.60273008757,80792.33889498374,80966.7421875
2021-07-26,81140.4334023785,81390.33791288399,80493.09734074106,80710.2890625
2021-07-27,80717.52135272363,81111.46188161474,79742.87816620912,79890.0
2021-07-28,80049.79524413901,80338.50629641202,78997.998672166,79717.8515625
2021-07-29,79797.19663154318,80091.93906426938,79248.26378649865,79521.109375
2021-07-30,79759.69697771831,80931.9807347445,79508.9352599269,79702.59375
2021-08-02,80292.63559891815,81141.40725045899,79927.86997756868,80214.6875
2021-08-03,80592.84898154403,81011.77220644809,80306.0860597347,80810.6875
2021-08-04,80861.19444291233,81441.51503684786,80045.78576272793,80296.296875
2021-08-05,80456.88274989593,80565.07005438377,79312.11681867529,79508.0859375
2021-08-06,79541.71906064381,79993.63397596432,78846.12346390577,79005.4609375
2021-08-09,79335.12336688019,82503.78318708081,79045.73500975895,79894.7265625
2021-08-10,79942.9854105901,80782.30055064011,78047.68422961768,78674.5078125
2021-08-11,78846.13080763424,79644.22176083988,77149.44191683705,77451.953125
2021-08-12,78046.68934486521,78556.64727037145,77453.84629737292,78083.6640625
2021-08-13,78397.00383578199,79045.73779495776,78315.31170008144,78719.2265625
2021-08-16,78797.9216671902,79195.44274291476,77957.85800439914,78505.5859375
2021-08-17,78505.5890442375,79010.85299477572,77778.31304950679,78583.2421875
2021-08-18,78944.93645132372,79345.15541132298,78746.32404972808,79192.6015625
2021-08-20,79244.3547396649,79244.3547396649,77653.45937001256,77924.8828125
2021-08-23,78545.71664260743,78545.71664260743,75802.07091584434,76014.5546875
2021-08-24,76351.00025131078,77250.24536538176,75866.69537716765,77007.671875
2021-08-25,77089.50822295068,77828.11366414452,76588.0805398194,76865.5390625
2021-08-26,76980.76384723184,77114.5028413526,76151.38247324408,76415.4140625
2021-08-27,76500.70044371384,77182.01921247518,76415.41376507582,76803.5625
2021-08-30,76850.02773851929,78222.30287871946,76850.02773851929,78033.21875
2021-08-31,78147.48982862078,79699.50783433075,78105.36890548319,79587.4296875
2021-09-01,79844.18510688921,80403.04761893522,79085.46261899751,79798.921875
2021-09-02,80236.40971688068,81716.06887236661,79885.54758837211,81106.859375
2021-09-03,81789.38207278425,82439.21543821273,81351.1357797963,82237.359375
2021-09-06,82538.9147759832,83037.94086289966,81120.43312392315,81246.2890625
2021-09-07,81625.70633554301,82139.70326362035,80732.49632190572,80926.7734375
2021-09-08,81221.49047973267,81271.042213497,79654.54847858768,80083.7109375
2021-09-09,80143.59587525926,81311.27022697777,79644.56974901231,79712.3359375
2021-09-13,79644.56716321132,80250.48622548478,79095.63844216162,80087.3046875
2021-09-14,80073.73693749319,80689.58199728194,79896.13040977967,80267.2109375
2021-09-15,80364.16014426557,80837.23688087318,79960.5961830215,80053.9140625
2021-09-16,80443.01847782487,80443.01847782487,79645.57465941567,79815.9453125
2021-09-17,79844.17753763511,80183.31256281304,78697.41553775083,79242.6015625
2021-09-20,79035.75451626764,79794.27419592874,78357.07901341295,78721.8203125
2021-09-21,78716.37715513805,78877.35985637356,77897.97434967065,78221.09375
2021-09-22,78347.09712842968,80393.10412350332,78347.09712842968,79837.984375
2021-09-23,80443.0112239184,80841.23407104424,79845.72373692876,80064.453125
2021-09-24,80343.20975746163,80532.83969353513,78901.07097470915,79301.7421875
2021-09-27,79793.27176125976,81840.27673170771,78990.48695071608,81733.8828125
2021-09-28,81600.1497775388,81730.49695798347,79654.54832356406,80331.828125
2021-09-29,80149.67570915201,80274.82988678617,78747.35788565384,78902.7109375
2021-09-30,79395.05082150025,79524.75082104503,78498.84674865675,79220.9375
2021-10-01,78846.12971469594,79215.4090563977,78357.08410000986,78840.5390625
2021-10-04,79322.40028621492,80395.05692680566,79245.3475346861,79631.59375
2021-10-05,79594.66826057382,79914.0449858827,79077.67718648005,79252.5390625
2021-10-06,79489.87365041507,79734.39645843004,78347.10379254923,78476.3515625
2021-10-07,78995.79048684183,81287.76294681591,78706.50347655929,81114.25
2021-10-08,81141.64083289946,86205.2116969991,80942.13176501899,85693.2109375
2021-10-11,85692.7645325892,87379.47280256446,84555.43723194602,84767.46875
2021-10-12,84834.43714047945,86032.05299876574,84215.84750480825,85450.734375
2021-10-13,85990.18102935335,86630.9305386368,85273.57955323881,85938.828125
2021-10-14,86166.83323264204,86431.3170550391,84834.33223438435,85000.5625
2021-10-18,85133.85310972131,86730.73663815689,83836.38524286741,84149.875
2021-10-19,84673.74835205996,85010.3414475907,82428.48183928306,82851.5078125
2021-10-20,82988.05533606044,83220.05573053476,80842.24272063615,82355.8359375
2021-10-21,83116.59117895988,83237.51144771857,80742.97339881754,80933.5078125
2021-10-22,80942.0804080284,82112.9983709374,79924.02037776151,80643.015625
2021-10-25,81341.217329401,81341.217329401,78862.55439167225,79274.75
2021-10-26,79345.14870269215,80343.20088763168,79129.27313400281,79937.7421875
2021-10-27,80337.21456894767,80418.05679793474,79045.73500957408,79218.1953125
2021-10-28,79218.40078107532,79553.94906449791,77149.43847879156,77458.1875
2021-10-29,77848.01964445907,78247.28728163055,76500.69604766558,77157.5625
2021-11-01,77542.67218892148,78824.31943749895,77099.5369860502,78587.6796875
2021-11-02,78197.39561141141,79235.36997562161,78197.39561141141,78432.140625
2021-11-03,78706.39713210966,79035.7543607883,77648.4617915056,77817.03125
2021-11-04,78222.34647746294,78480.79523108555,77947.92888755785,78259.7734375
2021-11-08,78726.36581407204,80151.58450553368,78397.00855344014,79786.546875
2021-11-09,80138.59871626494,80333.07074038131,77849.06704610973,78355.78125
2021-11-10,78355.08679438385,78775.01728259826,77897.97885950044,78015.25
2021-11-11,78247.15303915495,78247.15303915495,76750.22272094643,77060.515625
2021-11-12,77428.89300137582,78145.34636337224,77103.62933488312,78022.5859375
2021-11-15,78247.29153792739,78716.42284997606,77648.46022513713,78332.625
2021-11-16,78257.26309425,79293.24114669014,78057.90219254006,78291.9921875
2021-11-17,78544.17299113524,79348.1815405303,78377.08643118532,79222.5703125
2021-11-18,79447.99275638274,79513.81993474028,77151.38683512098,77316.8203125
2021-11-22,77693.36012502048,77750.25128309873,74876.74875490143,75513.1328125
2021-11-23,75655.25372342349,76552.53700966832,74950.25099678927,76355.4609375
2021-11-24,76508.17016829623,77250.05546847128,75968.8036558002,76323.5234375
2021-11-25,76423.3400543558,76551.54790269196,75136.85593698906,75518.921875
2021-11-26,75505.53630291454,75505.53630291454,74368.71137430886,75046.765625
2021-11-29,74761.96383992526,74956.54468875684,72910.5060877984,73677.2890625
2021-11-30,73400.56546068135,75850.87737112549,73400.56546068135,74488.28125
2021-12-01,74846.69379326714,75216.08859040684,73360.74000288603,73567.84375
2021-12-02,73982.45136767413,74138.15346703948,73110.22174363023,73740.6171875
2021-12-03,74048.27968586165,74549.21969604443,73623.98989905103,73741.2109375
2021-12-06,73808.78385683356,73995.07586739006,72815.48118818217,72989.3984375
2021-12-07,73549.28262961583,73738.71707121705,73210.92997916882,73468.3359375
2021-12-08,73906.58945122574,75099.05781967392,73868.01482121217,74512.7265625
2021-12-09,74791.25020804345,75131.2481127533,73959.5914569315,74525.953125
2021-12-10,73913.58262296891,74856.77802609773,73858.68765241644,74079.265625
2021-12-13,74537.39020235933,74967.56715974039,73504.3666504118,73651.0859375
2021-12-14,73509.35851078981,74058.30823490297,73359.64494966803,73970.328125
2021-12-15,73863.6736986259,74407.63291983733,73659.06518422528,73844.2109375
2021-12-16,73918.57666862122,74156.76938836454,72960.40986330288,73166.46875
2021-12-17,73130.08578799518,73239.875735268,71962.31998518428,72419.4921875
2021-12-20,71862.51617215031,72062.03290406185,68568.81751426008,69816.9296875
2021-12-21,69816.93124551825,71003.86361648173,69816.43220025592,70279.1953125
2021-12-22,70365.22752989613,71153.86712777939,70101.87980904353,70414.734375
2021-12-23,70854.43499953639,71363.46108560152,70565.03557922051,70893.9609375
2021-12-24,71163.84700182019,71163.84700182019,69573.63943890785,69956.859375
2021-12-27,69955.15521325519,70554.46168870296,68878.21571525831,70391.5234375
2021-12-28,70405.29242398823,71861.50622674692,70405.29242398823,71480.9375
2021-12-29,71712.79926865597,72559.03182135157,71263.65856342431,72420.4921875
2021-12-30,72560.12794674373,72748.81381976238,71713.09228204958,71981.828125
2021-12-31,71873.48717560303,73558.51327889574,71873.48717560303,73197.953125
2022-01-03,73449.43499431734,73838.69029930615,72974.03979841886,73227.609375
2022-01-04,73527.0302513267,73858.69258562112,73209.93379939607,73796.015625
2022-01-05,73796.02024732131,74257.93341301352,73642.111572747,73904.609375
2022-01-06,73763.86081395063,74352.73406853733,73060.2071792326,74013.6796875
2022-01-07,74068.43674435803,74431.54671045773,73410.5938021457,74047.625
2022-01-10,74068.2865175836,74835.91938232382,74008.40109525433,74144.5390625
2022-01-11,74144.14292745007,74302.8392999222,73776.84566286049,74149.4296875
2022-01-12,74149.42990306694,75353.9300712769,74118.23957819793,75239.796875
2022-01-13,75406.73541124981,76154.30519620338,74886.93299756726,75831.96875
2022-01-14,75824.93159169583,76131.49351432231,75201.1718450703,75989.265625
2022-01-17,75989.26604035051,77038.0641709472,75655.30341397546,76675.5078125
2022-01-18,76704.24649403435,77152.28772187507,75854.871550749,76151.15625
2022-01-19,76154.2905081667,76633.67016411577,75505.53180790054,76383.703125
2022-01-20,75952.63895466994,75952.63895466994,73359.64679625856,73587.4609375
2022-01-21,73499.38706935638,74657.17209108986,71916.7663705007,72558.2890625
2022-01-24,72561.17489077974,72850.57433250263,69868.32688726773,70941.625
2022-01-25,70764.61194200702,72111.58177144175,69682.08149515219,70435.1953125
2022-01-27,69986.09271082713,70913.31861111747,69326.90084492003,70577.609375
2022-01-28,70934.29675378145,72710.89796697593,70934.29675378145,71191.5078125
2022-01-31,72042.16564949897,72361.6013655471,71264.7000071542,72010.328125
2022-02-01,72261.74841145564,72541.21373680382,71064.24261137139,71378.890625
2022-02-02,71464.27450068295,72535.87275566164,71049.0688723777,71325.9921875
2022-02-03,70315.4710332141,71792.64487464995,69977.41468438802,70851.59375
2022-02-04,70851.43989729063,71161.34695193598,69718.50597794217,69872.7109375
2022-02-07,70264.52254064544,70287.37725234844,68469.0046133165,68667.421875
2022-02-08,69107.78552767192,69666.7162020725,68369.19856507114,69293.78125
2022-02-09,69468.09988812599,70445.08237572528,69468.09988812599,70292.125
2022-02-10,70784.1703354513,70784.1703354513,69368.27779762248,69635.96875
2022-02-11,69566.90264420792,69566.90264420792,67908.27909445793,68103.15625
2022-02-14,67736.4026549868,67736.4026549868,65582.52358550485,65803.1015625
2022-02-15,66348.06361326852,66871.95973845475,64882.91749598123,66552.8203125
2022-02-16,67111.59585811335,67146.52902074027,65874.86053256819,66014.296875
2022-02-17,66326.11657405044,66517.15818545324,65317.64862047408,65493.421875
2022-02-18,65193.23674097389,66139.76575685998,65088.7327073742,65516.5859375
2022-02-21,65452.64838139799,65452.64838139799,64481.91460733849,64613.96484375
2022-02-22,62882.55378713737,65876.0097621744,62882.55378713737,65646.9921875
2022-02-23,66040.85115686567,66675.41590849817,65578.511595763,65680.921875
2022-02-24,64230.03122954728,65727.23475471155,62882.54805689944,63826.38671875
2022-02-25,63980.49449640611,65692.25033065972,63903.33783167391,65529.3046875
2022-02-28,65130.349067516654,66126.48847120361,64329.84425613695,65618.390625
2022-03-02,65537.59024935904,66376.02423975595,65019.40965880969,66100.390625
2022-03-03,66825.1856424662,66855.12971370255,65600.47312889928,65912.34375
2022-03-04,65477.69755895886,66076.53215146347,64878.81617884643,65788.4140625
2022-03-07,65018.56058336267,66324.12210075656,63622.76915676959,66029.7734375
2022-03-08,66026.67523166623,66525.74307166372,65378.88517534951,66271.0703125
2022-03-09,66475.84211120495,66825.18962980738,65767.36846265351,65964.6484375
2022-03-10,66563.52582286105,67371.96115944063,66430.92193468827,66757.2109375
2022-03-11,66465.85318091788,67967.09599171481,66241.27265883188,67771.7109375
2022-03-14,67907.16204958121,68322.3864875479,67279.38150189968,68244.8828125
2022-03-15,68072.85591998971,68866.37381524473,67374.16091787838,67958.0703125
2022-03-16,68571.9246983746,68721.54368481788,68059.53016143802,68242.9921875
2022-03-17,68472.11233591923,69758.70931552564,68372.40013424747,68829.2421875
2022-03-21,69522.79281233752,69729.75780279207,66463.85789539534,66751.671875
2022-03-22,67123.52857805844,67174.53487363427,65777.1448465453,66971.515625
2022-03-23,66979.89754645854,67600.34027011503,66486.91987352648,66720.0859375
2022-03-24,66715.39114285714,67274.30035524553,66326.11821428571,66594.3671875
2022-03-25,66775.32656739943,67054.4068747657,65876.95763028362,66377.125
2022-03-28,66376.02469090886,66376.02469090886,64834.70430787981,65586.1484375
2022-03-29,65667.34661159384,66753.66914222094,64888.80077853344,65175.31640625
2022-03-30,65726.78450991033,65777.09678826194,65013.12137311544,65237.05078125
2022-03-31,65372.89570499406,65677.32708433634,64580.82436429213,64900.87890625
2022-04-01,64978.62940837635,66525.7396323853,64978.57872180147,66361.25
2022-04-04,66585.63436769687,67134.56223009565,66585.63436769687,67004.75
2022-04-05,67004.74547861557,67973.03844191028,67004.74547861557,67629.7265625
2022-04-06,67663.62518885554,67829.36251757336,67077.86764103884,67504.7734375
2022-04-07,67623.69609768773,68067.0165251381,66775.28072229239,66984.140625
2022-04-08,67364.17877401468,68001.94070231095,66584.28388082153,67656.484375
2022-04-11,67374.15931260343,67873.22715936345,67175.57709720357,67639.3125
2022-04-12,67473.9733463415,67860.45460870645,66441.19921797425,67459.703125
2022-04-13,67523.87991248723,67994.00182584689,66886.07120200564,67321.5546875
2022-04-18,66878.08709639472,67354.65011115817,65877.10513824911,66820.1484375
2022-04-19,66879.08323633645,67671.1506876089,65677.32787521549,66237.6796875
2022-04-20,66575.45009348543,68224.82259099743,66377.62427160422,67544.2421875
2022-04-21,67878.22643182144,69969.32097449721,67733.49673793696,69584.8359375
2022-04-22,69495.19673545178,69495.19673545178,68472.1076632243,69014.9453125
2022-04-25,68422.19568354107,69369.42637214327,68108.13387519468,68987.0390625
2022-04-26,69370.43772956198,71404.5371059327,69095.95038602773,71198.5234375
2022-04-27,70183.91659597236,72464.5554549323,70069.13098253943,72084.3203125
2022-04-28,72512.55687710419,72512.55687710419,71121.1558160057,72195.8515625
2022-04-29,72195.1501335437,73263.15525787513,71667.43270667452,72593.40625
2022-05-02,71865.77017114915,72714.18551344743,71644.68311430317,72462.15625
2022-05-04,72664.27389418472,73173.97029426902,71167.07044856278,71744.34375
2022-05-05,72055.41003905583,72714.17954488458,70645.04441521339,71049.4375
2022-05-06,70518.29123691842,70699.80378392852,69120.90117702195,69783.265625
2022-05-09,69471.24123477555,69724.76769666019,68197.82285760141,68450.1484375
2022-05-10,68362.31540724772,70807.64654610153,67074.72032949404,68681.765625
2022-05-11,68222.56948419221,69145.74355761085,67690.71136060162,67983.71875
2022-05-12,67863.25155373005,68072.81327951865,66555.69368440536,67495.984375
2022-05-13,67563.80211796891,73143.98083992426,67563.80211796891,71916.5703125
2022-05-16,71646.17653106783,73103.4545714044,71266.98635947406,72393.1796875
2022-05-17,72664.2809608583,74161.48455208477,72464.65381536144,73868.78125
2022-05-18,74066.65762693567,74710.40834851505,73673.4389593198,74548.40625
2022-05-19,73362.97210278512,74111.573858936,72864.90240102608,73297.84375
2022-05-20,74061.6665510508,74540.72488398725,73840.87582215862,73966.796875
2022-05-23,74361.11106971104,75006.80350678164,72930.08077012558,73249.390625
2022-05-24,73362.91965945718,74459.8160960299,72976.64118306244,74256.796875
2022-05-25,74425.24252125084,75287.38226285262,73437.43905012742,74684.7578125
2022-05-26,74860.17613601945,75159.61684056353,73263.1590451177,74921.015625
2022-05-27,75069.7853444513,75548.89047628666,74161.4818653468,74515.671875
2022-05-30,74760.36299686933,75654.19350506287,74722.58200150885,75247.5
2022-05-31,75259.42813908259,78019.92044465285,75097.18430807072,77504.6875
2022-06-01,77056.07616940582,77425.38637902602,75858.31332739432,76189.1953125
2022-06-02,75360.34140606932,75858.16156363567,74890.51583443128,75731.34375
2022-06-03,75919.19764573652,76744.60906210805,75919.19764573652,76317.8046875
2022-06-06,76247.58312982698,76529.9073610761,74416.0509798365,74573.0078125
2022-06-07,73862.03386001757,74358.35678348911,71204.59921759214,71525.3984375
2022-06-08,71567.33642120763,72261.68804471985,70188.91085395351,70521.8359375
2022-06-09,69869.50462898868,70568.19967527858,69869.50462898868,70294.4609375
2022-06-10,69985.24169667272,70413.4887347262,69588.52951097891,69821.84375
2022-06-13,68871.36450665911,69178.58756132775,68088.62335783105,68430.734375
2022-06-14,67380.1418382458,69370.4242253738,67380.1418382458,68075.09375
2022-06-15,68075.09486988699,69421.33028302599,68075.09486988699,68314.1015625
2022-06-16,69165.80832937435,69185.72425432308,66875.08706354113,67051.359375
2022-06-17,66875.08873338836,69001.11767371847,65755.5314380827,67997.5390625
2022-06-20,68133.53895381324,68472.00833266039,66367.49377367762,66527.2890625
2022-06-21,66533.73494415492,68172.62711027867,66533.73494415492,67964.609375
2022-06-22,67473.97763536638,68102.80316658356,67224.4436944072,67913.7578125
2022-06-23,67913.76100159388,69150.84896579724,67913.70641604174,68877.5625
2022-06-24,68771.55042131447,70643.05487762747,68771.55042131447,70421.46875
2022-06-27,71067.25929930112,71773.64302811153,70767.81860000631,71088.96875
2022-06-28,70867.6385106915,72464.40618262782,70436.14754355345,72133.921875
2022-06-29,71433.58343502595,71865.77622817595,71017.3608143711,71390.4140625
2022-06-30,71614.24215684057,71965.38318650369,70293.70858972371,70668.90625
2022-07-01,70168.93783810399,72364.83631952402,70168.93783810399,72059.703125
2022-07-04,71765.95717214886,72364.6904342354,71466.51646072125,71642.640625
2022-07-05,71865.76669697498,72205.13281748848,70923.97892494152,71088.3671875
2022-07-06,71588.23387399802,73362.96573754042,71366.14870560887,73093.671875
2022-07-07,73687.35972961815,75359.23683828203,73209.54910482212,75197.4375
2022-07-08,75197.44318837974,76311.46396118085,75194.59694215388,75903.1796875
2022-07-11,75858.31786450007,76357.38574518758,75159.62283153758,76233.46875
2022-07-12,75858.30944938258,76756.63153496738,75687.6750407301,76521.71875
2022-07-13,76531.05562205795,77455.32926770087,76531.05562205795,77129.6875
2022-07-14,77255.49690453154,77718.2887390436,76389.61422433644,77270.5703125
2022-07-15,77579.0990063571,79581.00830985096,77484.8219704887,79409.78125
2022-07-18,79453.59502662785,80847.94375988748,79451.59875530234,80591.96875
2022-07-19,80349.92812153374,80670.22832510438,79043.91427626484,79792.765625
2022-07-20,79925.71642358541,80468.55408528881,79251.974824011,79635.859375
2022-07-21,79481.5458165312,80268.47444307695,79406.68563900716,80028.921875
2022-07-22,80140.31059175107,80587.47535878437,78988.75838390234,79252.5703125
2022-07-25,79451.60526611331,81047.5775340344,79383.52928916086,80683.3515625
2022-07-26,80678.31266218329,80814.80772282432,79681.97046050915,80000.78125
2022-07-27,80144.56411412779,80965.5084327516,79644.59802483191,80859.46875
2022-07-28,81004.50531761572,83294.34999330195,81004.50531761572,83040.8671875
2022-07-29,83473.33551299629,83964.30219607684,82546.69526965285,83812.4609375
2022-08-01,83994.30170504091,87394.07105976876,83992.6533793657,86944.453125
2022-08-02,86924.10770073053,88943.97078085794,86294.15040346308,88167.171875
2022-08-03,88168.0149104827,88943.96223702493,87210.82988685828,88732.9296875
2022-08-04,88982.91870579083,89493.82937063962,87730.69893817353,88705.78125
2022-08-05,88993.96165685498,89143.95147987216,87849.992401491,88889.421875
2022-08-08,88494.04852307551,88893.97454007182,87494.06942920455,87711.5546875
2022-08-10,86799.10939302537,87228.97865751997,82604.39406667618,83460.9375
2022-08-11,83993.30466179739,84592.26404812837,82095.43335085212,82495.109375
2022-08-12,82989.36859284999,84332.4805783394,82265.96455585651,83125.2109375
2022-08-16,83494.33699779004,87587.35626381701,83394.44533544061,86965.5546875
2022-08-17,86994.0994458977,87919.33356498652,86375.14142800102,86847.7109375
2022-08-18,86839.05848785982,87982.07464989838,85800.4727370827,87585.6015625
2022-08-19,87983.03046542042,88355.85673214146,86431.08888764496,86820.0078125
2022-08-22,86803.06886497496,86871.06425566143,84504.27157226513,84822.5
2022-08-23,83924.30523370617,86774.06498545471,83794.31405438553,85889.625
2022-08-24,85794.13556928802,86693.87143471565,84794.29711664809,85258.71875
2022-08-25,85593.19267712417,86494.13155026626,85173.01806011166,85439.203125
2022-08-26,86394.14229130813,86439.1392404182,84994.23720788416,85266.46875
2022-08-29,84624.21222858774,84888.99114101806,83473.33717881315,84412.921875
2022-08-30,84889.24280758148,86257.94685700882,84734.25331897585,85359.1640625
2022-09-01,85438.20613506435,85977.068030446,84494.27014668014,85136.9765625
2022-09-02,85789.18375775618,85973.4212670209,84196.29175092472,84351.1796875
2022-09-05,84883.23815250714,85094.22383086568,84095.58849291815,84248.328125
2022-09-06,84773.70430471264,85884.12900268256,84406.3229682079,85251.921875
2022-09-07,84894.24238386456,85905.1269496181,84894.24238386456,85127.5234375
2022-09-08,85593.19720304364,86444.03795773353,85214.22289563404,85390.609375
2022-09-09,85832.53005874746,85984.16821154451,84007.30229045807,84202.3359375
2022-09-12,84544.26503683448,85894.17346734572,84244.28538560975,85802.4765625
2022-09-13,85994.26642023686,86344.14111698397,85309.25821397918,85545.4453125
2022-09-14,83744.32148141747,86438.18569139966,83744.32148141747,86065.8671875
2022-09-15,86482.12847103455,93880.62616501735,85679.33141281495,92862.1484375
2022-09-16,92483.7234869396,93193.67530525215,85710.18318095486,86107.0078125
2022-09-19,87294.02948174404,87594.05599739007,84594.25955912328,86346.9375
2022-09-20,86988.09704970756,87382.07031496246,85049.77545782986,85655.1875
2022-09-21,85893.17150808798,86493.13079637832,83998.25321741823,84275.9296875
2022-09-22,84594.25961999255,85194.2189080776,83394.34104382244,84505.765625
2022-09-23,84894.24240243094,85094.22883918579,82164.32598511492,82593.546875
2022-09-26,82393.90477473069,82393.90477473069,78684.60979143406,79150.921875
2022-09-27,79695.54788532922,81440.77326784543,79444.61177972151,79825.6328125
2022-09-28,79819.5869988919,81097.20348175683,79306.07494794205,80411.25
2022-09-29,81097.49319165872,81933.23331693056,78794.64956293486,79616.59375
2022-09-30,80074.56774739466,82125.53017275922,79017.28791067863,81649.0078125
2022-10-03,82094.43114974714,82094.43114974714,80094.56680992381,80618.78125
2022-10-04,81891.44577980161,82994.37097480413,81272.13622146487,82819.8359375
2022-10-06,83232.35211397208,83850.41173688705,82247.41894844356,82434.5546875
2022-10-07,82493.40896709288,82984.32881974924,81797.50300747456,82764.0390625
2022-10-10,81819.45421113848,82694.39490694962,81216.49508019663,82296.5234375
2022-10-11,82708.0376926473,83077.31732896875,80729.77345656458,81075.546875
2022-10-12,81480.9737427562,82630.4426577046,81194.64160006681,82476.109375
2022-10-13,82364.26378179404,82694.38982278568,81694.45766047873,82106.78125
2022-10-14,82984.37319135193,83194.35895313267,81004.80429229078,81344.6328125
2022-10-17,81384.48140404004,82635.4434526212,80783.56902627542,82262.375
2022-10-18,82664.38776194295,83294.34499298233,82421.15427551388,83082.5078125
2022-10-19,83099.36239057496,84494.2677576991,82494.40343207309,83143.8125
2022-10-20,83094.36178240374,84494.26679438166,83094.36178240374,84166.0859375
2022-10-21,84204.33204156141,88181.91365100988,84204.33204156141,86218.9453125
2022-10-24,87313.0787643235,87926.24030707656,85884.17566701114,86285.6953125
2022-10-25,86693.1217783546,87694.05391021464,86101.76343786952,87336.9296875
2022-10-27,88194.01349168272,88293.00677213258,86644.11869676087,87356.921875
2022-10-28,87354.07373734849,89543.92517375866,87293.07787542108,89362.234375
2022-10-31,89362.2354917039,91243.81099064088,89293.99012074378,90760.84375
2022-11-01,90793.8379871921,92093.70289272288,90293.87191898069,90824.0390625
2022-11-02,91182.81301106897,91493.79191034894,90402.21753898411,90614.6484375
2022-11-03,90568.85720162875,91492.79453592966,90293.87585213443,90652.0
2022-11-04,90993.82153559108,91493.78758798445,90493.85548319772,91241.953125
2022-11-07,91691.77971292674,95993.48788895033,91381.25390371567,94893.6640625
2022-11-09,91443.80110437615,91993.21698495219,85895.82563430065,87011.5546875
2022-11-10,87011.55402499909,88341.80758813962,85094.2308882638,87462.71875
2022-11-11,88483.9979682661,88852.72295697441,85849.27824863295,86150.5546875
2022-11-14,86581.33175299033,86744.11758893398,85194.22269253228,86174.0078125
2022-11-15,86604.87009837813,87844.03596715788,86174.00091406461,87568.3046875
2022-11-16,87544.06390861284,88294.01305688765,86994.3511829274,87680.0546875
2022-11-17,87997.04319421781,88147.03815420796,87137.3220818743,87887.5
2022-11-18,87996.0422120128,88391.88046930483,87406.765144229,88089.7421875
2022-11-21,88297.0345852958,89393.9977443,87217.07085537372,89094.2109375
2022-11-22,89002.00617113724,89796.97943001095,88497.02315763885,88953.2109375
2022-11-23,89306.94961068069,89650.98491530494,88682.97059594459,88970.15625
2022-11-24,89195.99910606578,89596.98561534875,88684.21944928725,89401.640625
2022-11-25,89361.99470897495,90384.96030610225,88998.0069500753,89901.578125
2022-11-28,89996.97345396501,91965.90723986342,89927.02268136894,91530.71875
2022-11-29,91996.90960901776,92796.8827360527,91896.95984156382,92562.0390625
2022-11-30,92796.87705578268,94100.2863164357,92265.89492521565,93554.3984375
2022-12-01,93996.83907055887,95148.0034841562,93231.46637104244,94322.328125
2022-12-02,94486.82247153543,94984.80572469263,93230.86470855259,94551.0234375
2022-12-05,94708.77215284499,95240.44960795816,94049.29430264834,94670.5234375
2022-12-06,94595.81755048266,94796.81078854698,94056.8825566586,94513.71875
2022-12-07,94696.76707683211,95072.69974117512,92613.43092013677,92882.2734375
2022-12-08,93096.87000501809,93476.8103561043,90246.965821191,91089.3359375
2022-12-09,91305.92865964278,91996.90541663073,90062.11893629887,91507.625
2022-12-12,91726.91838797947,91726.91838797947,90597.00322304851,91390.578125
2022-12-13,91451.9290250713,91895.91411595896,90597.95770160717,90966.8984375
2022-12-14,91221.93549965559,91944.20811070358,90940.69494762184,91162.390625
2022-12-15,91136.93633231528,91696.87063451197,90498.95777866138,90869.796875
2022-12-16,90517.96052692024,90725.70355118498,88597.02502938693,89109.7578125
2022-12-19,89110.00359524458,90227.91912932001,88533.67141243735,89913.9296875
2022-12-20,90196.8660796706,90196.8660796706,88697.01806604966,89002.0078125
2022-12-21,89296.00192874324,89896.98175112842,87275.81975540935,88189.9921875
2022-12-22,88197.0856925185,88896.76532604986,87498.06228695456,88189.7890625
2022-12-23,88137.03988930651,88137.03988930651,85771.36934110902,86068.109375
2022-12-26,85799.56813821728,88370.98167514727,85198.1821096564,87593.65625
2022-12-27,87997.04209262191,88487.02562245583,87497.05889891383,88087.1875
2022-12-28,87757.05235816466,88587.02448051283,87497.06109092305,87920.296875
2022-12-29,87897.04351923836,87897.04351923836,86608.53998398861,87565.0078125
2022-12-30,87897.04480143813,89246.9994144295,87809.2977515937,88532.4765625
2023-01-02,88597.02060786009,88742.36728255758,87876.74795460781,88048.2421875
2023-01-03,88394.93012167187,89118.00740312164,87959.74942260905,88873.1640625
2023-01-04,88889.00946565677,89070.55023299619,87395.05972730358,88009.2890625
2023-01-05,88497.02305906327,91896.9086907109,88438.97813662958,91272.7265625
2023-01-06,91576.91970852144,93396.85849285765,90554.75096530322,93138.3671875
2023-01-09,93596.85425313133,93995.59085177915,92898.87771179923,93444.4609375
2023-01-10,93246.86664781657,94476.82531780921,93090.77033058382,94160.7890625
2023-01-11,94257.8326971923,94396.67959408357,90746.95067175396,91138.9375
2023-01-12,91594.67231631627,91660.42010711678,88570.02394789261,89515.2421875
2023-01-13,89696.98481040834,90646.95287696227,89153.29996152877,89709.9375
2023-01-16,90096.97069378436,90676.5527691521,88997.00767754503,89225.3515625
2023-01-17,89679.8385054867,89962.87587101686,89007.05642207262,89523.7421875
2023-01-18,89356.99687411137,90396.91504935586,89276.95268925061,90193.8203125
2023-01-19,89995.97722706846,90895.94699900327,89815.9832726815,90480.9609375
2023-01-20,90480.96105378418,91195.83548109562,89252.65074602903,89553.9921875
2023-01-23,89991.97833095431,90536.71004044692,89676.94203395743,90277.3203125
2023-01-24,90496.95806362641,90946.34139569598,90042.02023076409,90411.4609375
2023-01-25,90296.96773292082,90432.96316605124,88426.632103257,89568.7421875
2023-01-27,89636.9848693786,89662.73400325172,86908.4282126847,88258.1328125
2023-01-30,88357.03037841008,90203.96830404298,88059.79036845102,89260.8984375
2023-01-31,89496.99134652643,91086.93789670494,89402.04141349347,90866.34375
2023-02-01,90996.93859502613,92946.872993491,90719.49480405226,91958.359375
2023-02-02,91696.92033775002,92996.87667841605,91049.5905159716,92814.234375
2023-02-03,93445.85495332062,93445.85495332062,91446.92223010595,92850.2265625
2023-02-06,92781.87920859935,93238.31698095628,92208.44537149697,92674.734375
2023-02-07,92596.88512889837,92696.88176510668,91546.92044871107,91736.765625
2023-02-08,91626.92013898912,92481.7429682795,90736.80162109478,92272.546875
2023-02-09,92271.8992933717,93096.87157098786,87348.06475399958,88810.0625
2023-02-10,88997.01019421415,89973.87581444897,88122.68800408898,89067.90625
2023-02-13,89404.99532335073,89404.99532335073,88197.03591982299,88800.9140625
2023-02-14,89256.99837272856,89256.99837272856,87497.05755785065,88047.0390625
2023-02-15,88387.03125810546,89071.21140287601,88047.04267763533,88852.46875
2023-02-16,88797.01398172374,89968.67770664553,88719.21972274728,89212.796875
2023-02-17,89117.00283536417,89664.98440576116,88547.02200484175,88736.71875
2023-02-20,88997.00609215043,89996.9724527364,88714.1171711881,89178.1015625
2023-02-21,89648.0,90445.0,89121.25,89957.203125
2023-02-22,89958.0,90000.0,87500.0,87658.296875
2023-02-23,87999.0,88249.0,86001.0,86730.8515625
2023-02-24,87350.0,87462.0,86650.0,86800.703125
2023-02-27,86786.0,86786.0,84802.046875,85143.1015625
2023-02-28,85565.0,85898.203125,84640.0,85256.6015625
2023-03-01,85654.25,86444.953125,84827.5,86068.6015625
2023-03-02,86480.0,87150.0,86000.0,86802.703125
2023-03-03,87001.0,87399.3984375,86200.8984375,86363.1484375
2023-03-06,86400.0,87250.0,86400.0,86715.3515625
2023-03-08,86557.0,87199.0,86471.1484375,86752.796875
2023-03-09,86800.0,87169.046875,85360.0,85596.8984375
2023-03-10,85499.8984375,85549.953125,84351.0,85111.203125
2023-03-13,85330.0,85591.546875,82812.453125,83076.296875
2023-03-14,83389.953125,83661.8984375,82280.3984375,82492.296875
2023-03-15,83192.0,83199.0,81974.3515625,82107.1015625
2023-03-16,82101.0,83501.0,81380.046875,83140.703125
2023-03-17,83556.0,83556.0,82050.0,82901.796875
2023-03-20,83556.0,83688.953125,82235.3515625,83559.953125
2023-03-21,83600.0,85710.0,83232.203125,83746.0
2023-03-22,83900.0,84500.0,83675.046875,84399.8515625
2023-03-23,84349.0,84778.75,84000.0,84164.6484375
2023-03-24,84448.953125,84778.953125,83700.0,83878.5
2023-03-27,83878.0,84549.8984375,83416.953125,83709.75
2023-03-28,83899.0,84253.8984375,82223.546875,82365.3515625
2023-03-29,81900.0,82701.5,81786.5,82012.0
2023-03-31,82422.0,84444.0,82088.25,84047.203125
2023-04-03,84047.203125,84550.0,83752.0,84400.8515625
2023-04-05,84284.203125,84746.5,83830.0,83949.8984375
2023-04-06,84000.0,84500.0,83325.75,84005.546875
2023-04-10,83750.0,84780.0,83750.0,84398.453125
2023-04-11,84601.046875,85298.296875,84294.296875,84617.0
2023-04-12,84800.8984375,85794.203125,84750.0,85456.25
2023-04-13,85699.0,85700.046875,85407.3515625,85516.953125
2023-04-17,85499.0,85700.0,85001.0,85376.3515625
2023-04-18,85500.0,87495.0,85487.453125,86821.3515625
2023-04-19,87000.0,87343.703125,85697.0,85837.25
2023-04-20,86279.0,86869.203125,86012.1484375,86502.6484375
2023-04-21,86300.0,86950.0,86090.1484375,86517.3984375
2023-04-24,86945.0,87200.0,86300.0,86896.1484375
2023-04-25,87100.0,87399.953125,86086.0,86561.453125
2023-04-26,86550.0,87332.8984375,86400.0,87231.203125
2023-04-27,87497.0,87600.0,86810.0,87455.8984375
2023-04-28,87437.3515625,89300.0,87376.0,89006.796875
2023-05-02,89007.0,89498.8984375,88002.046875,88596.8984375
2023-05-03,88787.953125,94390.0,88318.8515625,93559.796875
2023-05-04,94000.0,95760.0,93026.25,95110.796875
2023-05-05,95110.796875,98974.6484375,94500.0,98614.046875
2023-05-08,98620.0,99933.5,97398.25,97730.6484375
2023-05-09,98149.5,99200.0,97201.3515625,97499.75
2023-05-10,98200.0,98200.0,96575.046875,97229.3515625
2023-05-11,97700.0,98240.0,97200.0,97361.0
2023-05-12,97760.0,97800.0,96600.046875,96689.1484375
2023-05-15,96705.0,97656.3515625,95150.0,96900.8984375
2023-05-16,96800.0,97600.0,96400.0,96551.8515625
2023-05-17,96536.0,97900.0,96299.796875,97655.1015625
2023-05-18,97872.25,98400.0,96800.1015625,97060.703125
2023-05-19,97258.046875,97280.953125,95700.0,96236.6484375
2023-05-22,96356.6484375,96553.3984375,95674.25,95911.453125
2023-05-23,96066.0,96453.796875,95225.296875,95487.6484375
2023-05-24,95550.0,97458.3984375,95338.546875,95640.296875
2023-05-25,95680.0,97052.5,95570.3984375,96727.3515625
2023-05-26,96735.0,98171.0,96601.1484375,97881.796875
2023-05-29,98050.0,98440.8984375,97475.0,97782.203125
2023-05-30,97782.203125,97935.0,96900.0,97096.3984375
2023-05-31,96906.3984375,98650.75,96650.1015625,97211.703125
2023-06-01,97100.0,97988.953125,97099.0,97567.296875
2023-06-02,97567.296875,98100.0,96067.546875,96368.5
2023-06-05,96880.0,97187.953125,96502.1484375,96797.453125
2023-06-06,96888.0,97249.5,96227.6484375,96636.25
2023-06-07,97000.0,99230.5,96775.1484375,97553.1015625
2023-06-08,97610.0,98599.0,96900.0,97077.3515625
2023-06-09,97264.0,98597.8984375,97150.0,98390.953125
2023-06-12,98335.1015625,99400.0,98152.75,98968.546875
2023-06-13,99150.203125,100439.953125,99150.203125,99992.8515625
2023-06-14,99993.0,100400.0,99400.0,100114.1484375
2023-06-15,100099.0,100849.6015625,99711.0,100081.0
2023-06-16,100083.0,100694.953125,99549.5,99892.5
2023-06-19,100000.0,100651.0,99557.046875,99758.203125
2023-06-20,100200.0,100200.0,98280.1015625,99348.203125
2023-06-21,99648.0,100950.0,99484.3515625,100422.203125
2023-06-22,100400.0,100900.0,99500.0,99868.453125
2023-06-23,99977.0,99977.0,98880.046875,99492.046875
2023-06-26,99799.953125,100079.8984375,99071.796875,99954.6484375
2023-06-27,99900.0,100500.953125,99300.0,99591.25
2023-06-28,99591.25,99591.25,99591.25,99591.25
2023-06-30,100598.0,101648.296875,100020.25,101260.5
2023-07-03,101073.0,101888.0,99600.0,99899.453125
2023-07-04,100480.0,100480.0,99000.0,99148.8984375
2023-07-05,99600.0,100300.0,99099.0,100191.203125
2023-07-06,100215.0,101050.0,100043.5,100750.703125
